,0,2.5,5,7.5,10,12.5,15,17.5,20,22.5,25,27.5,30,32.5,35,37.5,40,42.5,45,47.5,50,52.5,55,57.5,60,62.5,65,67.5,70,72.5,75,77.5,80,82.5,85,87.5,90,92.5,95,97.5,100,102.5,105,107.5,110,112.5,115,117.5,120,122.5,125,127.5,130,132.5,135,137.5,140,142.5,145,147.5,150,152.5,155,157.5,160,162.5,165,167.5,170,172.5,175,177.5,180,182.5,185,187.5,190,192.5,195,197.5,200,202.5,205,207.5,210,212.5,215,217.5,220,222.5,225,227.5,230,232.5,235,237.5,240,242.5,245,247.5,250,252.5,255,257.5,260,262.5,265,267.5,270,272.5,275,277.5,280,282.5,285,287.5,290,292.5,295,297.5,300,302.5,305,307.5,310,312.5,315,317.5,320,322.5,325,327.5,330,332.5,335,337.5,340,342.5,345,347.5,350,352.5,355,357.5,360
90,257.54,257.54,257.54,257.54,257.54,257.54,257.54,257.54,257.54,257.54,257.54,257.54,257.54,257.54,257.54,257.54,257.54,257.54,257.54,257.54,257.54,257.54,257.54,257.54,257.54,257.54,257.54,257.54,257.54,257.54,257.54,257.54,257.54,257.54,257.54,257.54,257.54,257.54,257.54,257.54,257.54,257.54,257.54,257.54,257.54,257.54,257.54,257.54,257.54,257.54,257.54,257.54,257.54,257.54,257.54,257.54,257.54,257.54,257.54,257.54,257.54,257.54,257.54,257.54,257.54,257.54,257.54,257.54,257.54,257.54,257.54,257.54,257.54,257.54,257.54,257.54,257.54,257.54,257.54,257.54,257.54,257.54,257.54,257.54,257.54,257.54,257.54,257.54,257.54,257.54,257.54,257.54,257.54,257.54,257.54,257.54,257.54,257.54,257.54,257.54,257.54,257.54,257.54,257.54,257.54,257.54,257.54,257.54,257.54,257.54,257.54,257.54,257.54,257.54,257.54,257.54,257.54,257.54,257.54,257.54,257.54,257.54,257.54,257.54,257.54,257.54,257.54,257.54,257.54,257.54,257.54,257.54,257.54,257.54,257.54,257.54,257.54,257.54,257.54,257.54,257.54,257.54,257.54,257.54,257.54
87.5,257.83,257.86,257.89,257.91,257.93,257.95,257.96,257.97,257.98,257.99,257.99,257.99,257.98,257.98,257.97,257.96,257.95,257.94,257.92,257.91,257.89,257.88,257.86,257.85,257.83,257.82,257.8,257.79,257.78,257.76,257.75,257.74,257.73,257.72,257.71,257.7,257.69,257.68,257.67,257.66,257.66,257.65,257.64,257.63,257.63,257.62,257.62,257.61,257.61,257.61,257.61,257.61,257.62,257.62,257.62,257.63,257.64,257.64,257.65,257.66,257.67,257.67,257.68,257.68,257.69,257.69,257.69,257.69,257.68,257.68,257.67,257.66,257.65,257.63,257.61,257.59,257.57,257.55,257.52,257.5,257.47,257.44,257.42,257.39,257.36,257.33,257.31,257.28,257.25,257.23,257.21,257.19,257.17,257.16,257.14,257.13,257.12,257.12,257.11,257.11,257.1,257.1,257.1,257.1,257.1,257.11,257.11,257.11,257.11,257.11,257.11,257.11,257.11,257.11,257.11,257.11,257.11,257.12,257.12,257.13,257.13,257.14,257.16,257.17,257.19,257.21,257.23,257.25,257.28,257.31,257.34,257.37,257.41,257.44,257.48,257.52,257.55,257.59,257.63,257.66,257.7,257.74,257.77,257.8,257.83
85,257.76,257.9,258.03,258.16,258.29,258.41,258.51,258.6,258.67,258.73,258.76,258.78,258.79,258.78,258.76,258.73,258.7,258.67,258.63,258.6,258.57,258.54,258.52,258.51,258.5,258.5,258.5,258.51,258.52,258.53,258.54,258.55,258.55,258.56,258.55,258.55,258.54,258.52,258.5,258.48,258.45,258.41,258.37,258.33,258.28,258.23,258.19,258.14,258.1,258.06,258.02,257.99,257.96,257.94,257.93,257.92,257.92,257.93,257.94,257.95,257.97,257.98,258,258.01,258.02,258.02,258.02,258.01,258,257.98,257.96,257.93,257.9,257.87,257.83,257.79,257.75,257.72,257.68,257.64,257.6,257.56,257.53,257.48,257.44,257.39,257.34,257.29,257.24,257.18,257.12,257.06,257.01,256.96,256.92,256.89,256.87,256.86,256.86,256.87,256.89,256.92,256.95,256.98,257.01,257.04,257.05,257.05,257.04,257.01,256.96,256.9,256.83,256.75,256.66,256.58,256.5,256.43,256.37,256.34,256.32,256.32,256.35,256.39,256.45,256.51,256.59,256.67,256.74,256.82,256.88,256.93,256.98,257.02,257.05,257.08,257.12,257.15,257.2,257.26,257.33,257.42,257.52,257.64,257.76
82.5,259.09,259.44,259.78,260.1,260.38,260.59,260.75,260.84,260.87,260.86,260.81,260.74,260.65,260.55,260.45,260.36,260.26,260.18,260.1,260.02,259.96,259.9,259.85,259.81,259.76,259.72,259.67,259.62,259.57,259.51,259.44,259.36,259.29,259.21,259.13,259.06,259,258.94,258.9,258.86,258.83,258.81,258.78,258.76,258.74,258.71,258.68,258.65,258.6,258.56,258.52,258.47,258.43,258.4,258.38,258.36,258.35,258.35,258.36,258.36,258.37,258.38,258.38,258.37,258.36,258.35,258.33,258.31,258.28,258.26,258.22,258.19,258.16,258.12,258.09,258.07,258.04,258.03,258.02,258.02,258.02,258.03,258.04,258.05,258.05,258.04,258.02,257.98,257.93,257.85,257.75,257.63,257.49,257.35,257.21,257.07,256.95,256.86,256.8,256.78,256.8,256.85,256.94,257.05,257.17,257.29,257.4,257.5,257.57,257.62,257.63,257.62,257.6,257.57,257.54,257.54,257.58,257.66,257.81,258.01,258.28,258.61,258.99,259.39,259.81,260.21,260.57,260.86,261.05,261.14,261.11,260.96,260.71,260.36,259.95,259.53,259.12,258.76,258.48,258.32,258.27,258.34,258.51,258.77,259.09
80,263.03,263.85,264.48,264.89,265.04,264.97,264.72,264.34,263.91,263.49,263.11,262.81,262.6,262.47,262.41,262.39,262.39,262.39,262.38,262.34,262.28,262.19,262.07,261.94,261.79,261.62,261.44,261.24,261.03,260.8,260.57,260.34,260.12,259.92,259.74,259.6,259.48,259.4,259.34,259.3,259.27,259.25,259.23,259.21,259.19,259.17,259.14,259.1,259.07,259.03,258.98,258.95,258.91,258.89,258.88,258.89,258.9,258.92,258.93,258.94,258.93,258.92,258.89,258.85,258.83,258.81,258.8,258.81,258.83,258.86,258.89,258.91,258.92,258.91,258.88,258.84,258.79,258.73,258.66,258.59,258.51,258.43,258.35,258.26,258.19,258.13,258.07,258.03,258,257.97,257.93,257.88,257.82,257.73,257.62,257.5,257.37,257.25,257.14,257.06,257.01,256.99,257.02,257.08,257.18,257.31,257.47,257.65,257.86,258.1,258.36,258.67,259.01,259.41,259.86,260.37,260.93,261.54,262.18,262.83,263.48,264.11,264.71,265.26,265.75,266.17,266.51,266.74,266.82,266.72,266.41,265.88,265.11,264.17,263.11,262.03,261.05,260.28,259.8,259.67,259.89,260.43,261.21,262.11,263.03
77.5,268,269.09,269.74,269.93,269.71,269.17,268.46,267.68,266.96,266.37,265.96,265.71,265.63,265.65,265.73,265.81,265.85,265.81,265.69,265.47,265.17,264.82,264.43,264.04,263.65,263.29,262.97,262.66,262.39,262.12,261.87,261.63,261.41,261.22,261.06,260.94,260.85,260.78,260.71,260.64,260.54,260.42,260.28,260.13,259.98,259.86,259.76,259.69,259.65,259.61,259.58,259.54,259.49,259.44,259.4,259.38,259.38,259.39,259.41,259.41,259.39,259.34,259.28,259.21,259.16,259.14,259.15,259.2,259.26,259.31,259.34,259.33,259.29,259.22,259.15,259.08,259.04,259.03,259.03,259.05,259.05,259.02,258.95,258.86,258.73,258.6,258.47,258.36,258.29,258.24,258.22,258.21,258.2,258.17,258.12,258.05,257.96,257.86,257.77,257.68,257.61,257.56,257.52,257.51,257.53,257.58,257.69,257.87,258.13,258.47,258.9,259.41,260.01,260.7,261.47,262.34,263.3,264.33,265.38,266.38,267.23,267.85,268.19,268.25,268.1,267.82,267.54,267.34,267.25,267.24,267.19,266.98,266.49,265.69,264.62,263.42,262.3,261.47,261.12,261.36,262.16,263.43,264.98,266.57,268
75,271.29,272.04,272.43,272.52,272.42,272.2,271.95,271.7,271.48,271.29,271.13,271,270.88,270.75,270.59,270.38,270.09,269.7,269.19,268.58,267.88,267.12,266.36,265.64,265,264.48,264.07,263.78,263.56,263.38,263.2,262.99,262.75,262.48,262.21,261.96,261.75,261.59,261.45,261.34,261.22,261.09,260.93,260.76,260.59,260.44,260.35,260.32,260.34,260.39,260.44,260.46,260.42,260.33,260.22,260.11,260.03,259.98,259.96,259.96,259.94,259.91,259.87,259.83,259.81,259.82,259.87,259.94,260.01,260.07,260.08,260.04,259.97,259.89,259.82,259.79,259.81,259.85,259.89,259.92,259.92,259.88,259.81,259.72,259.61,259.5,259.38,259.27,259.18,259.11,259.07,259.04,259.01,258.96,258.88,258.77,258.64,258.52,258.42,258.36,258.34,258.36,258.42,258.49,258.57,258.66,258.77,258.93,259.14,259.42,259.74,260.06,260.33,260.54,260.71,260.94,261.36,262.1,263.22,264.67,266.26,267.72,268.79,269.31,269.28,268.87,268.37,268.04,268.04,268.35,268.79,269.09,269,268.42,267.39,266.13,264.98,264.22,264.08,264.61,265.71,267.17,268.73,270.16,271.29
72.5,273.48,273.85,274.17,274.52,274.88,275.19,275.41,275.47,275.38,275.17,274.9,274.62,274.35,274.1,273.83,273.51,273.08,272.51,271.78,270.91,269.93,268.9,267.89,266.97,266.19,265.6,265.18,264.91,264.72,264.56,264.39,264.18,263.94,263.71,263.52,263.38,263.28,263.2,263.12,263.02,262.92,262.79,262.64,262.45,262.2,261.91,261.62,261.41,261.31,261.32,261.4,261.47,261.47,261.39,261.24,261.07,260.92,260.8,260.71,260.63,260.55,260.49,260.46,260.44,260.44,260.45,260.46,260.48,260.52,260.59,260.68,260.79,260.9,261.04,261.2,261.38,261.52,261.58,261.51,261.29,261.01,260.74,260.57,260.53,260.58,260.64,260.65,260.57,260.45,260.37,260.38,260.49,260.67,260.85,260.94,260.91,260.77,260.53,260.26,260,259.8,259.68,259.64,259.67,259.74,259.79,259.82,259.84,259.89,260.04,260.32,260.69,261.03,261.19,261.09,260.74,260.33,260.2,260.66,261.89,263.8,266.05,268.17,269.74,270.58,270.8,270.7,270.61,270.71,270.93,271.03,270.74,269.92,268.65,267.24,266.08,265.52,265.72,266.63,268.02,269.57,271.01,272.16,272.95,273.48
70,275.49,275.95,276.49,277,277.33,277.38,277.13,276.65,276.07,275.53,275.12,274.87,274.75,274.69,274.61,274.42,274.07,273.53,272.81,271.97,271.06,270.16,269.34,268.63,268.06,267.63,267.28,266.98,266.66,266.29,265.89,265.5,265.22,265.13,265.28,265.61,266,266.3,266.38,266.23,265.92,265.56,265.22,264.9,264.53,264.09,263.64,263.29,263.18,263.32,263.61,263.84,263.87,263.66,263.31,262.94,262.65,262.4,262.14,261.84,261.55,261.37,261.39,261.59,261.9,262.21,262.47,262.66,262.85,263.05,263.21,263.29,263.26,263.19,263.2,263.38,263.74,264.17,264.52,264.72,264.8,264.91,265.2,265.65,266.13,266.39,266.25,265.69,264.9,264.15,263.66,263.5,263.58,263.72,263.77,263.64,263.34,262.89,262.36,261.81,261.28,260.84,260.53,260.36,260.32,260.33,260.33,260.29,260.2,260.16,260.28,260.66,261.3,262.05,262.65,262.86,262.63,262.16,261.88,262.22,263.38,265.23,267.31,269.12,270.36,271.05,271.43,271.77,272.16,272.42,272.26,271.52,270.26,268.87,267.83,267.53,268.08,269.33,270.89,272.39,273.56,274.34,274.8,275.13,275.49
67.5,277.26,277.89,278.39,278.63,278.53,278.1,277.47,276.81,276.23,275.79,275.45,275.16,274.9,274.64,274.38,274.11,273.81,273.45,273.02,272.53,272.03,271.54,271.07,270.6,270.13,269.66,269.2,268.75,268.31,267.9,267.52,267.19,266.93,266.83,266.92,267.23,267.64,268,268.14,268.01,267.71,267.42,267.23,267.09,266.84,266.34,265.68,265.15,265.03,265.42,266.11,266.71,266.92,266.71,266.31,265.96,265.75,265.54,265.12,264.46,263.77,263.36,263.46,264.03,264.84,265.59,266.1,266.39,266.58,266.75,266.85,266.76,266.43,265.96,265.59,265.61,266.11,266.97,267.91,268.69,269.23,269.67,270.17,270.81,271.42,271.74,271.54,270.81,269.82,268.9,268.29,267.98,267.79,267.53,267.13,266.66,266.21,265.8,265.37,264.84,264.2,263.5,262.84,262.3,261.94,261.76,261.74,261.82,261.88,261.8,261.62,261.48,261.6,262.1,262.84,263.51,263.78,263.57,263.2,263.21,264.03,265.73,267.92,269.99,271.47,272.25,272.55,272.72,272.94,273.19,273.29,273.12,272.76,272.45,272.45,272.86,273.59,274.38,275.02,275.43,275.67,275.88,276.19,276.65,277.26
65,278.96,279.29,279.45,279.38,279.05,278.54,278.02,277.58,277.26,276.96,276.62,276.23,275.83,275.48,275.21,275.01,274.83,274.63,274.37,274.07,273.73,273.37,272.96,272.46,271.89,271.27,270.67,270.12,269.65,269.31,269.12,269.06,269.03,268.97,268.86,268.79,268.8,268.87,268.92,268.87,268.76,268.69,268.74,268.83,268.73,268.24,267.41,266.55,266.09,266.21,266.76,267.35,267.68,267.82,268.02,268.47,268.99,269.18,268.71,267.69,266.62,266.04,266.19,266.9,267.73,268.31,268.5,268.37,268.14,267.97,267.93,267.95,267.95,267.88,267.85,268.02,268.5,269.25,270.1,270.85,271.42,271.84,272.26,272.78,273.39,273.92,274.22,274.28,274.24,274.3,274.45,274.47,274.02,273.01,271.64,270.34,269.41,268.88,268.48,267.95,267.2,266.28,265.32,264.43,263.66,263.12,262.87,262.91,263.11,263.25,263.19,263.02,262.96,263.25,263.88,264.6,265.03,265.01,264.78,264.86,265.74,267.5,269.77,271.88,273.33,273.97,274.04,273.92,273.92,274.2,274.71,275.31,275.89,276.37,276.73,276.97,277.07,277.06,277.01,277.06,277.28,277.65,278.11,278.56,278.96
62.5,279.74,279.89,280.01,279.93,279.6,279.17,278.8,278.57,278.36,278.05,277.65,277.27,277,276.81,276.6,276.35,276.12,275.93,275.76,275.55,275.29,275.02,274.72,274.36,273.95,273.53,273.15,272.74,272.27,271.76,271.34,271.1,271,270.97,270.92,270.88,270.87,270.9,270.91,270.83,270.62,270.34,270.09,269.94,269.85,269.7,269.39,268.95,268.55,268.26,268.03,267.74,267.43,267.37,267.89,268.99,270.15,270.68,270.25,269.2,268.27,268,268.37,268.96,269.42,269.66,269.77,269.84,269.87,269.85,269.85,269.96,270.15,270.35,270.49,270.6,270.75,271.07,271.58,272.24,272.98,273.74,274.5,275.29,276.1,276.81,277.3,277.52,277.61,277.81,278.17,278.43,278.14,277.04,275.33,273.55,272.2,271.4,270.91,270.41,269.76,268.95,268.01,266.98,265.95,265.09,264.52,264.27,264.22,264.22,264.2,264.23,264.41,264.79,265.29,265.76,266.04,266.15,266.31,266.87,268.04,269.72,271.47,272.82,273.61,274.03,274.39,274.86,275.45,276.13,276.87,277.61,278.27,278.75,279.04,279.2,279.28,279.34,279.42,279.54,279.68,279.76,279.75,279.7,279.74
60,280.71,280.77,280.72,280.44,280.02,279.68,279.56,279.6,279.55,279.22,278.69,278.22,277.97,277.8,277.52,277.14,276.88,276.82,276.82,276.68,276.43,276.23,276.13,275.98,275.64,275.15,274.67,274.23,273.81,273.45,273.18,273,272.82,272.63,272.52,272.52,272.56,272.56,272.51,272.48,272.45,272.38,272.22,272.04,271.93,271.91,271.93,271.92,271.81,271.54,271.07,270.38,269.59,268.99,268.95,269.61,270.57,271.16,271,270.39,270.03,270.27,270.87,271.35,271.55,271.71,272.08,272.61,273.05,273.23,273.24,273.21,273.18,273.06,272.85,272.62,272.53,272.69,273.09,273.66,274.32,275.06,275.91,276.87,277.82,278.58,278.96,278.88,278.48,278.11,278.1,278.46,278.82,278.73,278,276.9,275.85,275.04,274.41,273.83,273.24,272.55,271.62,270.37,268.94,267.66,266.73,266.14,265.76,265.51,265.41,265.54,265.89,266.32,266.68,266.86,266.95,267.1,267.49,268.3,269.6,271.25,272.77,273.72,274.05,274.23,274.7,275.54,276.43,277.14,277.7,278.24,278.78,279.29,279.74,280.17,280.56,280.84,280.96,281,280.98,280.9,280.78,280.69,280.71
57.5,281.48,281.36,281.18,280.97,280.79,280.63,280.51,280.43,280.29,279.99,279.55,279.17,278.98,278.88,278.69,278.39,278.17,278.11,278.02,277.71,277.31,277.14,277.26,277.38,277.2,276.75,276.23,275.77,275.39,275.16,275.08,274.98,274.69,274.34,274.2,274.36,274.62,274.73,274.7,274.61,274.48,274.34,274.22,274.15,274.11,274.04,273.9,273.69,273.45,273.17,272.89,272.56,272.04,271.28,270.53,270.26,270.65,271.35,271.84,272,272.17,272.62,273.24,273.73,274.02,274.27,274.58,274.87,275.01,275,274.99,275.06,275.16,275.17,275.05,274.88,274.8,274.92,275.23,275.6,276,276.5,277.17,277.94,278.65,279.15,279.44,279.57,279.54,279.37,279.25,279.38,279.79,280.21,280.29,279.99,279.47,278.87,278.16,277.3,276.4,275.53,274.55,273.3,271.86,270.5,269.37,268.43,267.65,267.05,266.71,266.72,267.16,267.95,268.77,269.3,269.57,269.75,269.97,270.28,270.87,271.95,273.34,274.52,275.15,275.42,275.76,276.36,277.06,277.68,278.28,278.95,279.63,280.2,280.64,281.03,281.38,281.62,281.73,281.81,281.88,281.85,281.73,281.59,281.48
55,282,281.96,281.87,281.81,281.77,281.61,281.3,280.97,280.73,280.54,280.35,280.12,279.87,279.63,279.45,279.28,279.1,278.92,278.78,278.63,278.46,278.4,278.48,278.51,278.28,277.88,277.52,277.24,276.94,276.6,276.3,275.98,275.7,275.7,276.11,276.69,277.12,277.42,277.75,277.93,277.6,276.77,275.95,275.56,275.59,275.7,275.61,275.3,274.86,274.38,273.93,273.58,273.19,272.56,271.73,271.12,271.15,271.75,272.51,273.12,273.61,274.1,274.62,275.13,275.49,275.67,275.73,275.79,275.88,275.98,276.08,276.14,276.22,276.35,276.5,276.6,276.62,276.69,276.89,277.15,277.43,277.77,278.19,278.61,278.91,279.06,279.22,279.54,279.96,280.25,280.28,280.28,280.62,281.33,282.03,282.38,282.35,282.06,281.46,280.47,279.27,278.13,277.09,276.01,274.9,273.91,273.09,272.27,271.37,270.44,269.56,268.91,268.9,269.69,270.82,271.57,271.8,271.98,272.29,272.54,272.62,272.86,273.5,274.48,275.53,276.41,277.06,277.56,278.07,278.64,279.25,279.87,280.46,280.97,281.4,281.83,282.25,282.52,282.64,282.69,282.66,282.47,282.19,282.03,282
52.5,282.94,282.84,282.63,282.47,282.37,282.23,282.11,281.98,281.75,281.42,281.16,281,280.75,280.46,280.35,280.38,280.24,279.93,279.7,279.63,279.51,279.35,279.34,279.43,279.29,278.88,278.55,278.49,278.52,278.46,278.27,277.99,277.89,278.42,279.46,280.13,279.87,279.34,279.45,280,280.05,279.27,278.3,277.83,277.91,278.03,277.73,277.05,276.39,275.95,275.55,275.1,274.69,274.36,274.05,273.77,273.55,273.41,273.47,273.84,274.39,274.88,275.34,275.87,276.3,276.42,276.39,276.48,276.7,276.88,276.95,276.94,276.93,277.01,277.19,277.36,277.48,277.63,277.84,278.05,278.24,278.43,278.63,278.8,279.02,279.31,279.58,279.83,280.16,280.53,280.75,280.85,281.2,282.07,283.22,284.1,284.42,284.3,283.84,282.95,281.7,280.42,279.29,278.25,277.23,276.4,275.87,275.45,274.87,274.05,273.07,272.17,271.84,272.43,273.51,274.19,274.28,274.33,274.59,274.8,274.78,274.66,274.55,274.74,275.6,276.96,278.15,278.92,279.55,280.18,280.66,281.05,281.51,282.04,282.49,282.88,283.2,283.35,283.36,283.37,283.37,283.23,283.01,282.93,282.94
50,283.59,283.48,283.54,283.83,284.02,283.89,283.63,283.47,283.29,282.96,282.62,282.32,281.97,281.66,281.55,281.5,281.29,281.05,281.03,281.12,280.97,280.62,280.44,280.5,280.49,280.3,280.32,280.68,280.97,280.99,280.9,280.66,280.34,280.62,281.83,283.04,283.13,282.41,282.04,282.28,282.36,281.73,280.76,280.17,280.15,280.15,279.58,278.58,277.8,277.44,277.06,276.46,275.94,275.73,275.71,275.63,275.28,274.64,274.17,274.37,274.95,275.3,275.51,275.96,276.49,276.76,276.91,277.14,277.34,277.38,277.44,277.63,277.82,277.96,278.09,278.21,278.31,278.47,278.66,278.8,278.96,279.23,279.48,279.62,279.81,280.15,280.43,280.58,280.8,281.16,281.51,281.72,281.88,282.34,283.28,284.42,285.25,285.65,285.84,285.73,285.05,283.79,282.33,281,279.88,278.99,278.39,278.02,277.59,276.92,276.19,275.64,275.4,275.58,276.13,276.59,276.74,276.79,276.74,276.49,276.46,276.82,276.92,276.56,276.6,277.55,278.84,280.07,281.27,282.24,282.7,282.97,283.4,283.79,283.93,284,284.18,284.32,284.34,284.33,284.28,284.12,283.9,283.73,283.59
47.5,284.83,284.82,285.08,285.58,285.93,285.65,284.92,284.38,284.31,284.41,284.23,283.71,283.24,283.18,283.29,283.14,282.82,282.65,282.67,282.85,283.1,283.08,282.61,282.08,281.83,281.85,282.12,282.47,282.5,282.36,282.67,283.31,283.49,283.32,283.61,284.45,285.15,285.33,285.2,285.15,285.1,284.61,283.62,282.69,282.19,281.79,281.09,280.29,279.71,279.2,278.49,277.81,277.51,277.37,277.12,276.94,276.81,276.36,275.73,275.6,275.94,276.15,276.27,276.65,277.14,277.41,277.59,277.86,278.05,278.16,278.35,278.58,278.69,278.76,278.95,279.16,279.3,279.49,279.72,279.87,280,280.24,280.49,280.64,280.83,281.08,281.28,281.5,281.79,281.94,282.06,282.37,282.62,282.69,283.22,284.57,286.04,287.01,287.68,288.25,288.32,287.48,285.78,283.82,282.3,281.36,280.67,280.22,279.98,279.63,279.19,278.96,278.75,278.47,278.47,278.7,278.78,278.78,278.64,278.15,277.9,278.38,278.72,278.27,277.92,278.5,279.8,281.45,283.09,284.12,284.43,284.64,284.98,285.12,285.08,285.15,285.28,285.3,285.23,285.12,285.01,284.98,285,284.95,284.83
45,286.07,286.44,286.96,287.32,287.48,287.36,286.84,286.16,285.74,285.62,285.37,284.9,284.79,285.22,285.56,285.59,285.75,285.83,285.18,284.49,284.75,285.16,284.6,283.79,283.89,284.41,284.76,285.22,285.79,286.12,286.51,287.17,287.63,287.54,286.97,286.34,286.5,287.43,288.04,287.97,287.8,287.46,286.67,285.8,285.08,284.17,283.19,282.55,281.97,280.98,279.95,279.54,279.46,279.02,278.45,278.56,279.19,279.23,278.34,277.47,277.32,277.58,277.92,278.35,278.73,278.94,279.09,279.22,279.34,279.57,279.88,280.1,280.19,280.34,280.58,280.77,280.87,281.01,281.27,281.48,281.63,281.82,281.99,282.14,282.38,282.6,282.67,282.88,283.22,283.23,283.2,283.56,283.72,283.37,283.87,285.95,288.15,289.25,289.76,290.19,290.45,290.54,289.81,287.65,285.18,283.7,282.82,282.11,281.94,281.91,281.58,281.38,281.27,280.92,280.84,281.01,280.7,280.23,280.12,279.95,279.75,280.01,280.29,280.19,280.33,281.17,282.54,284.18,285.51,286.07,286.24,286.49,286.62,286.48,286.46,286.54,286.35,286.07,286.02,286.01,285.98,286.14,286.28,286.13,286.07
42.5,288.22,288.46,288.92,289.07,289.02,289.06,289.02,288.54,287.81,287.21,286.68,286.27,286.42,286.87,286.81,286.81,287.88,288.92,288.31,286.99,286.87,287.51,287.26,286.47,286.47,287.03,287.65,288.87,290.27,290.66,290.35,290.17,290.16,290.44,290.59,290,289.78,290.78,291.55,291.32,290.91,290.32,289.19,288.19,287.49,286.51,285.45,284.78,283.89,282.48,281.59,281.54,281.14,280.11,279.64,280.38,281.43,281.63,280.84,280.03,279.95,280.33,280.68,280.87,280.99,281.13,281.31,281.47,281.64,281.89,282.1,282.23,282.41,282.61,282.7,282.78,282.91,283.02,283.13,283.24,283.34,283.53,283.7,283.75,283.9,284.09,284.11,284.18,284.37,284.36,284.39,284.64,284.45,284.07,285.49,288.96,291.66,292.25,292.44,292.72,292.3,292.21,292.66,291.24,288.02,285.87,285.04,284.25,283.9,283.95,283.62,283.51,283.78,283.52,283.07,282.86,282.28,281.74,282.04,282.68,283.26,283.96,284.4,284.46,284.67,285.26,286.19,287.23,287.77,287.81,287.89,288.03,287.86,287.61,287.54,287.42,287.12,287,287.07,286.98,287.05,287.77,288.47,288.45,288.22
40,290.65,289.87,289.59,289.66,289.74,289.94,290.18,290,289.52,289.16,288.73,288.46,289.06,289.86,289.75,289.58,290.6,291.73,291.21,289.3,287.99,288.59,289.89,290.07,289.77,290.42,291.8,293.08,293.13,291.85,291.61,293.28,294.42,294.41,294.41,293.99,293.26,293.1,292.86,292.38,292.43,292.4,291.46,290.28,289.34,288.27,287.13,286.12,284.82,283.39,283.07,283.67,283.49,282.68,282.68,283.36,283.77,283.73,283.45,283.3,283.51,283.81,283.94,284.01,284.08,284.14,284.23,284.37,284.54,284.69,284.75,284.77,284.86,284.96,284.97,285.05,285.18,285.18,285.22,285.33,285.35,285.43,285.56,285.59,285.64,285.76,285.8,285.84,285.85,285.73,285.65,285.64,285.3,284.9,286.29,290.21,293.71,294.47,294.51,294.86,293.71,292.38,293.14,293.17,290.35,287.9,287.32,286.6,285.86,285.89,285.84,285.87,286.19,285.77,285.04,284.98,285.12,285.46,286.35,287.18,287.82,288.42,288.62,288.57,288.61,288.68,288.98,289.35,289.34,289.29,289.37,289.18,288.95,288.89,288.67,288.33,288.18,288.13,287.84,287.6,288.27,289.94,291.33,291.44,290.65
37.5,291.34,291.23,291.32,291.26,290.81,290.67,291.03,291.05,290.77,290.65,290.58,290.99,292.14,292.85,292.72,293.09,294.24,294.98,294.66,292.98,290.72,290.71,292.96,293.65,292.7,293.09,294.14,294.27,293.53,291.96,291.54,293.84,295.83,295.51,294.63,293.98,293.49,293.38,293,292.47,292.56,292.78,292.54,291.78,290.66,289.62,288.63,287.41,285.92,284.55,284.36,285.28,285.74,285.62,285.85,286.17,286.34,286.57,286.71,286.77,286.95,287.02,286.97,287,287.09,287.12,287.16,287.23,287.24,287.2,287.24,287.25,287.22,287.26,287.29,287.27,287.22,287.11,287.12,287.24,287.21,287.21,287.31,287.33,287.36,287.32,287.21,287.17,287.08,286.94,286.79,286.58,286.43,285.79,285.32,287.83,292.95,296.3,296.86,296.71,295.66,294.17,294.5,294.94,292.69,290.12,289.49,288.89,287.89,287.94,288.38,288.4,288.21,287.64,287.36,288.04,288.85,289.47,290.11,290.42,290.56,290.74,290.68,290.73,290.89,290.77,290.75,290.75,290.51,290.52,290.52,290.1,289.91,289.83,289.43,289.19,289.13,288.85,288.58,288.67,289.38,290.55,291.37,291.51,291.34
35,293.96,294.68,294.96,294.28,292.73,291.69,291.6,291.56,291.44,291.28,291.08,291.76,292.81,292.73,292.81,294.75,296.8,297.32,297.45,297.35,296.18,296.01,297.82,298.06,296.36,295.76,295.06,293.79,294.68,295.66,294.04,292.79,293.57,294.5,294.73,294.48,294.47,294.86,294.81,294.63,294.41,293.55,292.83,292.25,291.06,290,289.26,288.2,287.03,286.06,285.92,286.8,287.54,287.88,288.33,288.8,289.32,289.72,289.68,289.63,289.75,289.73,289.68,289.65,289.62,289.64,289.63,289.61,289.56,289.44,289.42,289.36,289.21,289.17,289.14,289.03,289.04,289.04,289,288.97,288.92,288.97,288.97,288.86,288.89,288.83,288.65,288.57,288.28,288.03,287.84,287.31,287.17,287.03,285.83,286.14,290.38,295.64,298.19,298.24,297.69,297.33,297.04,296.14,293.99,291.72,290.82,290.43,289.78,289.88,290.41,290.3,290.07,290.18,290.57,291.25,291.65,291.74,291.91,291.93,291.93,292.05,291.97,291.97,292.03,291.84,291.81,291.82,291.57,291.47,291.29,290.98,290.89,290.58,290.25,290.29,289.98,289.62,289.81,289.67,289.53,290.53,291.97,293.05,293.96
32.5,298.04,297.56,297.16,296.69,295.56,294.25,293.19,292.48,292.73,293.02,292.26,291.93,292.29,292.29,293.56,296.42,298.25,298.66,299.11,299.55,299.4,299.61,300.79,301,299.89,299.74,299.61,298.55,299.32,300.79,298.97,295.6,294.33,294.95,295.91,296.4,296.59,296.39,295.78,296.05,296.38,294.81,293.26,292.92,291.89,290.42,289.62,288.96,288.17,287.61,287.93,289.01,289.88,290.45,290.99,291.4,291.79,291.89,291.71,291.75,291.8,291.7,291.75,291.75,291.7,291.78,291.7,291.52,291.47,291.34,291.22,291.14,291.01,290.96,290.92,290.8,290.78,290.69,290.59,290.62,290.59,290.6,290.58,290.4,290.35,290.15,289.86,289.76,289.38,289,288.88,288.32,287.78,287.69,287.27,286.63,287.29,291.24,296.88,299.37,299.1,299.64,299.57,297.36,295.12,293.47,292.18,291.66,291.42,291.38,291.69,291.76,292.07,292.85,293.16,293.06,293.01,293.01,293.18,293.25,293.13,293.12,293.08,293,293,292.91,292.8,292.68,292.5,292.36,292.08,291.85,291.73,291.34,291.15,291.1,290.61,290.55,290.63,290.07,291.09,294.43,297.17,298.08,298.04
30,299.87,298.99,298.64,298.76,298.37,297.44,296.17,294.81,294.67,295.22,294.53,293.73,293.9,294.47,296.47,298.93,299.76,300.32,301.04,300.8,300.86,302,303,303.15,302.78,303.03,303.86,303.57,302.54,302.22,301.69,299.91,297.6,295.93,295.62,296.06,296.41,296.55,296.15,295.94,296,294.66,293.16,293.02,292.23,290.74,290.55,290.79,290.1,289.53,290.26,291.5,292.3,292.83,293.09,293.12,293.29,293.39,293.41,293.55,293.57,293.55,293.62,293.55,293.44,293.46,293.37,293.23,293.16,293,292.82,292.75,292.62,292.51,292.47,292.4,292.36,292.25,292.17,292.24,292.11,291.97,291.94,291.76,291.62,291.39,290.99,290.78,290.39,289.89,289.53,289.18,288.83,288.18,287.94,288.14,287.26,288.55,294.8,299.56,299.63,300.22,300.93,298.38,295.41,294.06,293.19,293.09,293.34,293.15,293.18,293.53,294.13,294.77,294.62,294.22,294.28,294.32,294.3,294.33,294.21,294.13,294.14,294,293.91,293.85,293.63,293.39,293.21,293.04,292.83,292.54,292.26,292.01,291.78,291.46,291.32,291.51,290.92,291,294.75,299.53,301.15,300.66,299.87
27.5,301.33,301.25,301.19,301.03,300.51,299.64,298.71,297.57,296.68,296.59,296.27,296.13,296.95,297.92,299.62,301.93,302.73,302.45,302.22,301.48,300.96,301.85,303.19,303.92,304.3,304.17,303.61,303.3,303,302.75,302.8,302.26,300.94,299.52,298.55,297.68,296.97,297.69,298.27,297.33,297.13,297.05,295.4,293.68,292.36,291.6,292.26,292.77,292.01,291.83,292.92,293.83,294.19,294.45,294.54,294.62,294.79,294.89,295.02,295.08,295.12,295.23,295.21,295.15,295.14,295.02,294.92,294.84,294.67,294.53,294.4,294.31,294.2,294.09,294.02,293.84,293.76,293.76,293.63,293.59,293.52,293.41,293.32,293.01,292.72,292.49,292.12,291.72,291.3,290.91,290.36,289.79,289.76,289.35,288.71,289.17,289.06,288.8,292.44,297.8,299.84,300.78,302.36,300.77,296.88,295.04,294.91,295.04,295.43,295.51,295.27,295.18,295.41,295.69,295.65,295.53,295.57,295.51,295.37,295.33,295.26,295.13,295.06,294.9,294.68,294.51,294.3,294.19,293.98,293.64,293.5,293.22,292.91,292.74,292.43,292.21,292.17,291.97,291.69,293.29,297.68,301.08,301.47,301.25,301.33
25,303.17,303.8,303.85,303.13,302.16,300.66,299.56,299.16,298.45,298.17,298.1,297.76,298.67,300.23,300.89,302.31,304.5,304.6,303.66,303.61,302.27,301.03,302.44,303.11,301.95,300.91,299.84,300.23,302.13,303.09,302.94,302.37,301.98,301.74,300.97,299.78,298.67,299.13,299.99,299.48,300.05,300.62,298.04,294.9,293.66,293.73,294.31,294.41,294.15,294.71,295.57,295.77,295.82,295.91,295.98,296.22,296.32,296.37,296.56,296.62,296.67,296.72,296.59,296.51,296.5,296.33,296.24,296.16,295.95,295.87,295.73,295.56,295.5,295.38,295.32,295.16,294.97,294.9,294.75,294.68,294.64,294.43,294.21,293.98,293.67,293.25,292.84,292.44,291.92,291.56,291.32,290.76,290.33,290.31,289.95,289.71,290.11,289.99,290.86,295.03,298.6,299.9,302.55,303.18,298.96,296.16,296.62,296.61,296.4,296.89,296.95,296.68,296.69,296.65,296.64,296.7,296.49,296.4,296.37,296.19,296.15,295.99,295.8,295.69,295.51,295.33,295,294.79,294.59,294.26,294.1,293.75,293.53,293.27,292.88,292.98,292.43,292.25,294.32,297.23,299.91,301.79,302.44,302.73,303.17
22.5,304.33,305.12,305.24,304.38,303.28,302.23,301.98,301.61,300.03,299.53,299.92,299.17,299.81,302.53,302.65,301.62,304.48,306.68,305.16,304.74,304.37,303.5,305.17,304.47,300.24,298.21,297.95,298.61,300.4,301.6,302.65,303.16,302.97,302.62,301.43,300.25,299.42,299.31,300.13,300.57,300.85,299.94,297.35,295.66,295.42,295.45,295.54,295.86,296.49,297.03,297.12,297.03,297.18,297.29,297.35,297.52,297.55,297.67,297.75,297.75,297.8,297.8,297.8,297.68,297.51,297.41,297.31,297.2,297.03,296.95,296.78,296.62,296.56,296.36,296.26,296.22,296.07,295.96,295.88,295.8,295.7,295.49,295.07,294.69,294.44,294.06,293.68,293.38,293.01,292.45,292.11,291.95,291.44,291.21,291.41,291.16,291.45,292.01,291.91,293.72,296.13,297.19,300.83,303.71,300.17,296.38,296.85,297.78,297.69,297.84,297.9,297.8,298.02,297.86,297.6,297.69,297.49,297.38,297.31,296.97,296.92,296.75,296.54,296.35,295.99,295.88,295.62,295.34,295.15,294.86,294.7,294.28,294.18,293.95,293.47,293.55,292.71,293.95,298.74,301.26,301.7,303.11,303.94,303.95,304.33
20,305.42,305.56,305.69,305.44,304.57,304.47,305.43,304.52,301.85,300.93,301.12,300.65,301.38,304.24,305,302.41,303.01,306.36,306.17,305,305.21,304.93,304.68,302.41,298.77,298.17,298.69,298.77,299.42,300.53,302.77,303.86,303.16,302.56,301.14,299.82,299.23,299.04,299.98,300.97,300.8,299.14,297.46,297.14,297.13,297,297.06,297.62,298.27,298.26,298.15,298.21,298.24,298.27,298.39,298.48,298.49,298.65,298.6,298.62,298.69,298.52,298.54,298.41,298.29,298.29,298.1,298.01,297.85,297.67,297.58,297.46,297.37,297.29,297.2,297.07,296.95,296.82,296.71,296.56,296.49,296.47,295.9,295.27,295.06,294.83,294.5,294.09,293.88,293.71,293.23,293.06,293,292.63,292.72,292.84,292.9,293.62,294.13,294.93,295.98,296.7,299.66,303.01,302.15,299,297.59,298.21,298.7,298.63,298.72,298.67,298.85,299.04,298.87,298.69,298.21,297.92,297.87,297.67,297.57,297.28,297.11,297.02,296.62,296.44,296.16,295.95,295.73,295.3,295.23,294.82,294.61,294.39,294,294.07,293.27,295.83,301.89,303.6,303.03,303.94,304.27,304.73,305.42
17.5,305.86,305.8,305.84,305.81,305.15,304.68,305.04,304.42,303.4,303.16,302.31,302.17,303.2,304.46,305.79,304.09,301.54,303.62,306.6,306.5,305.12,303.09,300.61,298.5,297.51,298.16,298.74,298.92,299.4,300.23,302.42,303.32,301.8,300.62,299.73,299.37,299.41,299.21,299.61,300.31,300.71,300.05,298.84,298.16,297.99,298.26,298.46,298.85,299.16,298.91,298.97,299.01,298.92,299.01,299.1,299.18,299.15,299.22,299.2,299.21,299.25,299.1,299.1,298.93,298.84,298.81,298.63,298.61,298.42,298.27,298.24,298.11,297.97,297.92,297.87,297.74,297.69,297.52,297.36,297.23,297.01,296.83,296.34,296.03,295.98,295.7,295.55,295.33,294.96,294.89,294.76,294.45,294.53,294.53,294.49,294.79,294.89,295.25,295.89,296.5,297.17,297.65,298.5,299.9,301.42,301.2,299.18,298.56,298.73,298.46,298.86,299.12,299.09,299.32,299.42,299.26,298.85,298.57,298.47,298.21,298.07,297.86,297.59,297.4,297.14,296.99,296.58,296.34,296.19,295.78,295.72,295.38,295.24,295.03,294.75,295.06,294.38,296.76,302.25,303.97,303.94,304.43,304.3,305.08,305.86
15,305,305.28,304.85,304.44,304.61,304.18,303.87,303.93,304.28,304.53,303.32,303,303.85,304.12,305.34,305.48,303.46,303.02,304,303.44,301.43,299.61,298.49,298.36,298.62,298.73,298.89,299.32,299.72,299.78,301.23,302.61,301.47,300.08,299.73,299.76,299.59,299.38,299.55,299.8,300.24,300.27,299.68,299.02,298.72,298.9,299.04,299.46,299.68,299.34,299.39,299.34,299.37,299.56,299.47,299.58,299.56,299.55,299.62,299.53,299.47,299.43,299.4,299.29,299.24,299.14,299.06,299,298.8,298.8,298.68,298.61,298.61,298.44,298.39,298.27,298.18,297.96,297.78,297.69,297.44,297.25,297,296.91,296.82,296.56,296.42,296.42,296.28,296.02,296.12,296.05,296.01,296.19,296.21,296.44,296.73,297.03,297.3,297.63,298.08,298.52,298.89,298.74,299.44,300.31,299.82,299.87,300.04,299.32,298.86,299.04,299.34,299.25,299.14,299.16,299.07,298.94,298.83,298.55,298.35,298.31,298.11,297.86,297.55,297.36,297.14,296.84,296.64,296.36,296.26,295.94,296.01,295.98,295.62,295.99,295.81,297.8,301.91,303.43,303.79,304.09,304.13,304.6,305
12.5,303.49,303.61,303.12,302.83,303.38,303.41,303.43,303.79,303.85,303.89,303.36,302.81,302.97,303.55,303.98,303.71,304.43,304.06,301.78,300.96,300.31,299.05,298.48,298.56,298.74,298.87,299.2,299.48,299.92,299.77,300.06,301.31,300.99,300.03,299.92,299.68,299.4,299.6,299.78,299.72,299.74,299.9,299.97,299.47,299.04,299.27,299.55,299.83,299.85,299.62,299.73,299.72,299.67,299.76,299.71,299.81,299.78,299.73,299.81,299.77,299.77,299.7,299.59,299.57,299.56,299.46,299.42,299.33,299.18,299.21,299.01,298.94,298.9,298.74,298.78,298.63,298.55,298.45,298.34,298.24,298.08,297.98,297.83,297.71,297.55,297.59,297.42,297.16,297.31,297.17,297.14,297.24,297.27,297.39,297.47,297.6,297.71,298.01,298.18,298.47,298.69,298.76,299.4,299.58,299.45,299.38,299.34,299.82,300.3,300.24,299.13,298.77,299.61,299.64,299.56,299.59,299.29,298.93,298.78,298.8,298.69,298.54,298.3,298.28,298.05,297.71,297.58,297.29,297.12,296.9,296.9,296.75,296.65,296.75,296.54,296.74,296.81,298.15,300.87,302.44,303.07,303.05,303.17,303.46,303.49
10,301.75,301.53,301.41,301.57,302.03,302.69,302.95,302.97,302.86,302.77,302.73,302.9,302.94,303.27,303.18,301.94,303.22,303.98,302.41,302.63,301.58,299.38,298.72,298.74,298.95,299.23,299.57,299.51,299.84,299.96,299.74,300.5,300.62,300.05,299.93,299.73,299.72,299.86,299.67,299.61,299.55,299.63,299.65,299.11,299.07,299.56,299.75,299.74,299.78,299.73,299.62,299.7,299.75,299.82,299.88,299.87,299.86,299.85,299.83,299.78,299.83,299.83,299.84,299.82,299.79,299.77,299.71,299.67,299.55,299.45,299.37,299.33,299.19,299.14,299.14,298.99,299,298.88,298.82,298.74,298.64,298.52,298.35,298.4,298.19,298.13,298.18,298,298,297.92,297.89,297.9,297.98,298,298.06,298.25,298.21,298.35,298.39,298.5,298.71,298.69,298.74,298.86,299.16,299.16,299.2,299.12,299.05,299.69,299.19,298.92,299.44,299.27,299.97,300.41,300.13,299.9,299.29,298.73,298.66,298.92,298.63,298.41,298.31,298.13,298.02,297.7,297.73,297.46,297.37,297.46,297.22,297.32,297.26,297.46,297.58,297.8,298.83,300.09,301.05,301.33,301.5,301.73,301.75
7.5,299.9,299.66,299.45,299.67,300.57,302.12,302.51,302.24,302.09,302.04,302.07,302.7,302.98,302.75,303.08,302.32,302.61,303.18,302.47,302.02,299.68,298.22,298.74,299.04,299.45,299.46,299.65,299.71,299.74,299.86,299.74,299.93,299.97,299.88,299.86,299.74,299.68,299.69,299.78,300.01,299.88,299.68,299.52,299.33,299.59,299.66,299.75,299.82,299.8,299.78,299.49,299.67,299.87,299.85,299.88,299.88,299.94,299.94,299.97,299.98,299.98,299.94,299.95,299.91,299.88,299.9,299.83,299.88,299.82,299.65,299.6,299.52,299.43,299.46,299.35,299.3,299.33,299.16,299.17,299.07,298.96,298.96,298.78,298.79,298.72,298.55,298.49,298.49,298.36,298.29,298.38,298.26,298.28,298.24,298.15,298.19,298.17,298.23,298.26,298.25,298.28,298.48,298.5,298.38,298.5,298.47,298.71,298.75,298.61,298.96,299,299.39,299.1,298.88,300.84,301.13,300,300.16,300.01,299,298.22,298.59,298.82,298.68,298.6,298.44,298.45,298.13,298.12,298.01,297.82,297.83,297.66,297.75,297.66,297.87,298.24,298.31,298.41,298.39,298.54,299.11,299.49,299.6,299.9
5,298.82,298.82,298.69,298.57,298.97,300.02,300.67,301.17,300.99,301.1,301.25,301.52,302.41,303.37,304.57,303.2,301.88,302.13,301.3,300.09,298.61,298.8,299.34,299.09,299.47,299.46,299.57,299.71,299.67,299.71,299.76,299.63,299.48,299.66,299.67,299.68,299.7,299.71,299.71,299.73,299.76,299.62,299.43,299.42,299.5,299.47,299.86,299.84,299.62,299.84,299.74,299.78,299.81,299.83,299.92,299.98,300.03,299.93,299.98,299.99,300.05,300.04,299.99,300.02,299.99,299.95,299.92,299.96,299.91,299.88,299.81,299.7,299.66,299.58,299.54,299.52,299.47,299.42,299.43,299.31,299.19,299.16,299.09,298.9,298.86,298.9,298.68,298.62,298.56,298.46,298.38,298.23,298.21,298.16,298.14,298.03,297.95,297.83,297.76,297.82,297.66,297.62,297.68,297.85,297.88,297.86,297.91,297.93,298.23,298.21,298.42,298.81,297.99,298.8,301.65,301.27,299.28,299.57,300.69,300.71,299.05,298.15,298.36,298.52,298.81,298.64,298.66,298.61,298.35,298.34,298.29,298.21,298.14,298.19,298.19,298.26,298.28,298.46,298.64,298.37,298.04,298.12,298.34,298.44,298.82
2.5,298.42,298.52,298.81,298.52,298.25,298.75,299.44,300.15,300.11,300.32,300.2,300.42,301.72,303.04,304.68,303.08,300.87,300.72,299.71,298.97,298.66,298.9,299.13,299.28,299.64,299.61,299.7,299.59,299.65,299.6,299.64,299.76,299.68,299.78,299.64,299.72,299.77,299.74,299.56,299.38,299.56,299.53,299.57,299.61,299.39,299.54,299.94,299.73,299.76,300.02,299.81,299.79,299.78,299.92,300.02,299.98,300.05,300.13,300.19,300.06,300.07,300.11,300.09,300.12,300.08,300.05,300.06,300.09,300,300.03,299.96,299.89,299.89,299.75,299.75,299.64,299.51,299.52,299.31,299.22,299.21,298.98,299,298.9,298.63,298.51,298.38,298.34,298.21,298.12,297.93,297.82,297.71,297.47,297.46,297.28,297.23,297.07,296.88,296.81,296.77,296.77,296.55,296.62,296.54,296.76,296.78,296.72,297.03,296.86,297.36,297.32,297.5,299.8,301.34,300.51,299.49,299.81,300.77,301.39,300.17,299.15,299.14,298.51,298.81,299.04,298.79,298.9,298.76,298.66,298.47,298.35,298.35,298.21,298.2,298.18,298,297.96,297.91,297.97,298.01,297.95,298.18,298.34,298.42
0,297.62,297.67,297.89,297.82,297.98,299.03,299.65,299.7,300.01,300.47,299.78,300.37,301.89,302.1,303.02,301.84,299.78,299.25,298.45,298.54,298.81,298.93,299.16,299.45,299.47,299.37,299.63,299.47,299.64,299.63,299.54,299.65,299.55,299.65,299.63,299.72,299.64,299.72,299.84,299.61,299.42,299.2,299.54,299.73,299.27,299.26,299.57,299.58,299.66,299.57,299.5,299.76,299.69,299.65,299.86,300.06,300.04,300.05,300.17,300.2,300.25,300.17,300.21,300.2,300.21,300.25,300.16,300.21,300.22,300.22,300.14,300.03,299.97,299.89,299.84,299.73,299.65,299.58,299.42,299.27,299.18,298.98,298.85,298.73,298.59,298.42,298.27,298.17,297.91,297.87,297.65,297.49,297.39,297.19,297.14,296.87,296.8,296.57,296.46,296.22,296.01,296.05,295.83,295.92,295.68,295.64,295.48,295.6,295.69,295.45,295.79,295.18,297.82,301.17,300.36,299.74,299.49,299.43,299.7,299.97,299.9,299.83,300.09,298.92,298.61,299.04,298.82,298.83,298.67,298.65,298.58,298.43,298.33,298.18,298.02,297.81,297.75,297.62,297.39,297.31,297.19,297.25,297.46,297.5,297.62
-2.5,297,296.98,297.13,297.33,297.54,298.55,299.7,300.08,300.3,300.71,300.19,300.9,302.74,303.27,303.08,300.83,298.83,298.67,298.47,298.73,298.82,299.09,299.25,299.2,299.38,299.35,299.48,299.37,299.39,299.43,299.45,299.52,299.48,299.58,299.55,299.62,299.6,299.63,299.7,299.62,299.46,299.16,299.27,299.56,299.46,299.25,299.41,299.57,299.35,299.24,299.5,299.6,299.37,299.14,299.45,300.04,299.92,299.78,299.93,300.02,300.15,300.08,300.15,300.16,300.18,300.29,300.23,300.25,300.22,300.22,300.23,300.2,300.14,300.17,300.1,300.05,299.95,299.67,299.68,299.46,299.25,299.28,299.13,298.9,298.8,298.64,298.41,298.33,298.22,298.18,297.96,297.79,297.65,297.46,297.35,297.11,297.05,296.69,296.58,296.44,296.23,296.11,295.82,295.85,295.65,295.68,295.35,295.41,295.24,295.06,294.83,293.84,298.61,301.81,299.33,299.61,299.26,298.89,299.29,299.18,299.79,299.59,299.46,299.01,298.73,298.89,299.08,299.51,299.14,298.63,298.47,298.45,298.28,298.19,298.04,297.72,297.6,297.31,297.28,297.21,296.93,296.93,296.77,296.74,297
-5,296.23,296.3,296.6,296.83,296.86,297.48,299.68,301.25,301.14,301.28,301.29,301.6,302.9,303.48,302.31,299.56,298.23,298.56,298.58,298.73,298.63,298.74,298.9,298.88,299.16,299.09,299.09,299.22,299.2,299.18,299.22,299.23,299.26,299.34,299.32,299.38,299.45,299.44,299.42,299.53,299.57,299.39,299.34,299.6,299.87,299.64,299.57,299.73,299.52,299.5,299.55,299.34,299.39,299.23,299.14,299.49,299.42,299.71,300.23,299.99,299.75,299.84,299.98,300.02,300.05,300.07,300.18,300.2,300.18,300.23,300.17,300.23,300.17,300.2,300.19,300.15,300.17,299.98,299.93,299.77,299.71,299.59,299.48,299.46,299.22,299.1,298.92,298.83,298.74,298.53,298.36,298.24,298.02,297.82,297.66,297.41,297.31,297.07,296.88,296.61,296.47,296.33,296.1,295.97,295.64,295.74,295.44,295.48,295.19,295.01,294.52,293.51,299.11,302.52,299.58,299.74,299.42,299.14,299.51,299.17,300,299.94,299.55,299.47,299.62,299.54,299.69,300.88,301.21,299.95,298.61,298.48,298.38,298.12,297.97,297.74,297.6,297.3,297.19,296.92,296.75,296.58,296.35,296.37,296.23
-7.5,295.14,295.47,295.45,295.93,296.34,296.91,300.08,302.25,301.99,302.28,302.3,302.2,303.07,302.86,301.08,299.19,298.4,298.5,298.35,298.34,298.53,298.6,298.77,298.77,298.73,298.79,298.83,298.87,298.87,298.9,298.92,298.94,299.01,299.05,299.17,299.24,299.23,299.29,299.28,299.27,299.22,299.27,299.37,299.27,299.31,299.44,299.55,299.59,299.54,299.63,299.68,299.46,299.43,299.34,299.11,299.17,299.01,299.16,299.94,299.91,299.34,299.56,299.85,299.89,300.06,299.95,300,300.03,300.02,300.13,300.04,300.19,300.16,300.11,300.13,300.04,300.05,300.01,299.93,299.8,299.89,299.73,299.63,299.63,299.37,299.36,299.18,299.07,299,298.78,298.58,298.3,298.14,297.98,297.78,297.55,297.28,297.08,296.91,296.59,296.37,296.04,295.8,295.73,295.39,295.34,294.96,294.98,294.69,294.5,294.31,292.7,296.25,300.92,300.34,300,299.97,299.62,299.49,299.63,300.1,300.38,300.74,300.55,300.79,300.97,300.84,301.43,301.66,300.22,298.44,298.29,298.24,297.92,297.75,297.43,297.11,296.87,296.67,296.27,296.14,295.74,295.55,295.46,295.14
-10,294.23,294.36,293.97,295,295.14,295.92,300.72,303.07,302.31,302.64,302.68,302.3,302.57,301.95,300.39,299.4,298.57,298.31,298.46,298.18,298.12,298.11,298.22,298.39,298.36,298.51,298.49,298.42,298.46,298.48,298.54,298.58,298.66,298.63,298.68,298.77,298.76,298.86,298.86,298.86,298.91,298.89,298.91,298.86,298.91,299.21,299.33,299.27,299.49,299.8,299.96,299.75,299.46,299.54,299.39,299.32,299.34,298.79,298.81,299.25,299.01,299.23,299.58,299.55,299.81,299.75,299.75,299.82,299.77,299.86,299.82,299.94,299.97,299.94,299.95,299.93,299.88,299.78,299.84,299.73,299.66,299.67,299.68,299.58,299.45,299.4,299.15,299.14,299.05,298.86,298.65,298.33,298.2,297.86,297.57,297.39,297.13,296.85,296.58,296.29,296.03,295.69,295.33,295.05,294.7,294.58,294.21,294.04,293.81,293.51,293.92,292.63,292.94,297.6,300.53,300.44,300.59,300.33,299.78,300.49,300.72,300.68,301.16,301.3,301.5,301.62,301.72,300.95,299.59,298.59,297.98,298.02,297.72,297.41,297.18,296.85,296.53,296.13,295.85,295.47,295.26,294.87,294.73,294.41,294.23
-12.5,293.2,292.98,292.87,293.53,293.17,296.22,302.42,303.86,302.94,302.77,302.52,302.08,301.48,301.1,300.06,299.29,298.53,297.91,298.51,298.43,297.92,297.93,298,298.08,297.99,297.93,297.86,297.93,298,297.95,298.01,297.93,297.97,298.04,298.03,298.12,298.14,298.17,298.18,298.19,298.23,298.2,298.27,298.54,298.72,298.84,299.05,299.36,299.66,299.66,299.71,299.93,300.15,300.43,299.87,299.11,299.55,299.39,298.38,298.44,298.66,298.71,299.01,299.1,299.3,299.33,299.32,299.41,299.42,299.53,299.57,299.59,299.62,299.69,299.62,299.6,299.64,299.5,299.55,299.54,299.43,299.41,299.33,299.27,299.28,299.16,299.05,299.04,298.8,298.64,298.41,298.17,297.99,297.68,297.51,297.15,296.87,296.6,296.2,295.87,295.41,295.15,294.8,294.46,294.09,293.77,293.49,293.12,293.07,292.51,292.6,292.7,291.8,294.76,299.3,299.79,299.69,300.2,299.99,300.29,300.99,301.44,301.27,301.74,302.03,301.49,301.73,300.28,298.1,297.79,297.9,297.68,297.16,296.87,296.44,296.07,295.83,295.33,295.01,294.56,294.2,293.89,293.69,293.35,293.2
-15,292.49,292.13,292.26,291.77,292.39,299.52,305.11,303.69,303.37,303.08,301.99,301.79,300.79,300.28,299.25,298.44,298.3,297.94,298.86,298.53,297.15,297.31,297.58,297.43,297.38,297.37,297.33,297.29,297.23,297.19,297.23,297.18,297.15,297.14,297.08,297.05,297.04,297.04,297.09,297.09,297.06,297.24,297.43,297.56,297.89,298.26,298.79,299.21,299.28,299.64,300.43,301.13,301.37,301.38,300.62,299.04,299.17,299.84,298.45,297.77,298.28,298.14,298.2,298.39,298.44,298.61,298.71,298.74,298.75,298.82,298.98,299.1,299.05,299.06,299.12,299.06,299.06,299.04,298.96,298.94,298.97,298.96,298.91,298.91,298.86,298.7,298.64,298.52,298.38,298.36,298.06,297.89,297.66,297.35,297.22,296.74,296.5,296.13,295.72,295.51,294.98,294.7,294.17,293.85,293.56,293.04,292.95,292.34,292.29,292.06,291.48,291.92,291.04,291.92,295.83,297.73,298.39,299.36,299.98,299.99,300.44,301.57,301.52,301.9,302.09,301.32,301.24,299.45,297.51,297.5,297.43,297.08,296.67,296.34,295.83,295.42,295.06,294.6,294.36,293.9,293.54,293.2,292.83,292.69,292.49
-17.5,291.96,291.53,291.63,290.82,291.62,299.86,305.82,303.91,303.62,303.58,302.33,302.2,300.71,298.88,297.55,297.28,297.6,297.95,299.22,298.24,296.44,296.89,297.08,296.77,296.74,296.59,296.54,296.44,296.43,296.38,296.21,296.18,296.09,295.96,295.92,295.8,295.75,295.69,295.63,295.72,295.7,295.87,296.06,296.29,296.92,297.37,297.88,298.38,298.88,300.55,302.27,302.73,302.43,302.06,301.64,300.35,299.88,300.1,298.26,296.87,297.3,297.31,297.31,297.39,297.36,297.61,297.76,297.82,297.84,297.91,298.11,298.25,298.13,297.97,298.07,298.11,298.08,298.18,298.19,298.18,298.16,298.12,298.16,298.18,298.22,298.19,298.07,297.94,297.86,297.76,297.52,297.48,297.29,297.01,296.82,296.43,296.28,295.83,295.44,295.16,294.6,294.43,293.84,293.47,293.18,292.54,292.57,291.93,291.59,291.54,290.93,291.07,290.6,290.29,291.32,293.71,297.03,298.28,299.2,300.36,300.22,300.75,301.21,301.32,301.25,300.79,300.36,298.55,297.14,297.16,296.96,296.74,296.37,295.89,295.46,295.05,294.63,294.21,293.86,293.42,293.09,292.74,292.37,292.2,291.96
-20,291.65,291.29,291.1,291.05,289.84,294.35,302.79,304.59,303.39,303.36,302.47,301.38,299.9,297.94,296.87,297.03,297.08,297.86,299.05,297.47,296.11,296.71,296.35,296.02,296.05,295.69,295.66,295.54,295.39,295.33,295.1,295.05,294.93,294.76,294.71,294.49,294.39,294.31,294.15,294.19,294.23,294.35,294.61,295.09,295.66,296.26,297.94,299.63,300.52,302.05,303.07,302.95,302.67,302.02,301.67,301.37,300.98,300.6,298.85,297.04,296.43,296.25,296.31,296.22,296.24,296.48,296.53,296.59,296.52,296.6,296.78,296.82,296.9,296.83,296.77,296.83,296.85,296.87,296.87,296.94,296.96,296.96,297,296.94,297.06,297.08,296.98,297.05,297,296.93,296.89,296.74,296.53,296.41,296.23,295.93,295.71,295.37,295.17,294.84,294.32,294.09,293.57,293.21,292.87,292.29,292.04,291.6,291.33,290.92,290.56,290.38,290.07,290.3,288.99,290.12,295.98,297.93,297.87,300.01,300.25,300.07,300.48,300.39,300.54,300.46,299.62,297.81,296.58,296.57,296.4,296.14,295.85,295.48,295.17,294.69,294.28,293.93,293.46,293.22,292.84,292.44,292.22,291.71,291.65
-22.5,291.35,291.05,290.27,291.18,289.35,290.14,299.55,304.76,302.95,302.85,302.44,300.17,298.65,297.31,296.44,296.29,296.22,297.63,298.54,296.61,295.56,295.9,295.37,295.19,295.18,294.8,294.77,294.57,294.31,294.26,294.07,293.91,293.73,293.51,293.34,293.16,293.02,292.91,292.83,292.74,292.76,292.91,293.1,293.58,294.06,295.4,298.82,301.52,302.05,302.56,302.6,302.11,301.79,300.85,300.3,300.36,300.1,299.85,299.15,297.61,295.99,295.31,295.34,295.07,295.03,295.22,295.28,295.36,295.18,295.2,295.34,295.26,295.36,295.36,295.28,295.35,295.42,295.49,295.47,295.49,295.5,295.51,295.58,295.57,295.69,295.74,295.75,295.87,295.79,295.83,295.87,295.7,295.65,295.56,295.4,295.29,295.09,294.87,294.6,294.29,294.05,293.66,293.27,292.92,292.42,292.16,291.65,291.15,291.05,290.34,290.38,289.98,289.04,290.04,288.83,289.38,296.17,298.55,297.16,298.68,299.15,298.83,299.13,298.97,299.03,298.64,297.81,296.65,295.7,295.79,295.66,295.34,295.25,294.93,294.74,294.36,293.99,293.74,293.14,292.95,292.52,292.05,292.06,291.31,291.35
-25,290.8,290.78,289.78,290.58,289.84,289.66,297.35,303.8,302.83,301.91,301.85,300.33,298.3,296.36,295.64,295.42,295.19,296.28,296.74,295.53,294.95,294.84,294.48,294.32,294.04,293.76,293.61,293.39,293.25,293.08,292.86,292.65,292.47,292.3,292.08,291.97,291.78,291.54,291.5,291.36,291.35,291.49,291.61,292.17,292.68,294.08,297.64,300.25,300.57,300.86,300.91,300.4,299.78,298.88,298.54,298.67,298.55,298.45,298.09,297,295.4,294.4,294.3,294.13,293.96,293.94,293.88,293.89,293.8,293.83,293.9,293.91,293.98,293.9,293.91,293.91,293.82,293.89,293.88,293.87,293.89,293.85,293.92,293.96,294.02,294.12,294.21,294.31,294.31,294.4,294.39,294.38,294.52,294.37,294.3,294.32,294.1,294.06,293.84,293.57,293.47,293,292.8,292.55,291.87,291.8,291.34,290.82,290.71,289.83,289.85,289.63,288.77,289.26,287.94,289.17,296.03,298.09,296.36,297.23,297.24,296.88,297.51,297.54,296.76,295.39,295.1,295.26,294.84,294.95,294.67,294.33,294.43,294.01,293.93,293.75,293.32,293.26,292.69,292.44,292.15,291.58,291.66,290.98,290.8
-27.5,290.15,290.31,289.68,289.67,289.59,289.01,292.79,298.87,301.1,300.67,300.61,300.16,297.56,294.86,294.55,294.57,294.15,294.41,294.38,294.1,293.88,293.34,293.12,292.93,292.63,292.62,292.37,292.13,292.03,291.74,291.64,291.5,291.24,291.08,290.77,290.59,290.45,290.23,290.18,290.02,290,290.12,290.16,290.71,291.2,292.16,295.01,297.46,297.91,297.96,297.89,297.37,296.72,296.27,296.32,296.59,296.91,297.03,296.71,296.21,295.08,293.69,293.26,293.2,292.92,292.75,292.64,292.49,292.45,292.44,292.37,292.45,292.54,292.45,292.47,292.46,292.4,292.42,292.31,292.29,292.34,292.33,292.39,292.41,292.43,292.49,292.56,292.66,292.74,292.84,292.89,292.92,292.98,292.92,293.01,293.01,292.8,292.9,292.84,292.66,292.62,292.2,291.93,291.73,291.25,291.09,290.67,290.29,290.17,289.56,289.28,288.91,288.73,288.64,287.19,289.99,296.68,297.45,295.28,295.52,295.13,294.99,295.87,296.02,295.11,293.66,293.68,294.13,293.61,293.59,293.34,293.05,293.25,292.88,292.89,292.83,292.37,292.48,292.08,291.79,291.73,291.06,291.01,290.64,290.15
-30,289.43,289.43,289.2,288.93,289.38,288.85,289.03,293.18,298.29,300.04,299.67,298.53,295.73,293.62,293.63,293.34,292.9,292.95,292.6,292.43,292.28,291.82,291.77,291.52,291.17,291.16,290.85,290.7,290.64,290.32,290.25,290.07,289.78,289.76,289.53,289.33,289.22,288.97,288.87,288.7,288.62,288.73,288.74,289.18,289.72,290.41,292.49,294.69,295.25,294.97,294.45,293.66,293.18,293.44,294.01,294.49,294.91,295.04,294.98,294.95,294.06,292.73,292.37,292.3,291.85,291.59,291.47,291.25,291.14,291.14,291.16,291.2,291.15,291.09,291.04,290.94,290.92,290.9,290.8,290.8,290.74,290.68,290.72,290.69,290.74,290.84,290.89,291,291,291.03,291.17,291.22,291.3,291.38,291.4,291.46,291.51,291.54,291.46,291.35,291.32,291.17,290.92,290.71,290.5,290.25,289.93,289.66,289.23,288.94,288.82,288.1,288.07,287.91,286.86,290.45,296.54,296.83,294.6,293.97,293.28,293.39,293.76,293.4,293.08,292.54,292.54,292.6,292.01,292.07,292,291.72,291.85,291.55,291.51,291.55,291.22,291.33,291.04,290.73,290.83,290.33,290.16,290.05,289.43
-32.5,288.72,288.64,288.55,288.12,288.48,288.72,288.44,290.44,294.2,295.74,295.08,294.04,292.72,292.17,292.35,291.85,291.45,291.41,290.96,290.74,290.61,290.25,290.12,289.86,289.64,289.63,289.39,289.31,289.24,288.96,288.89,288.71,288.5,288.46,288.2,288.02,287.89,287.61,287.54,287.45,287.32,287.4,287.43,287.71,288.24,288.81,290.07,291.43,291.67,291.23,290.6,289.77,289.48,290.11,291.1,292.04,292.74,293.02,293.19,293.1,292.19,291.34,291.27,291.14,290.74,290.48,290.19,289.94,289.82,289.78,289.92,289.96,289.84,289.84,289.79,289.62,289.52,289.37,289.28,289.3,289.21,289.2,289.26,289.16,289.17,289.19,289.16,289.3,289.34,289.36,289.5,289.46,289.54,289.68,289.59,289.71,289.87,289.8,289.92,289.98,289.77,289.73,289.63,289.41,289.3,289,288.8,288.78,288.25,288,288.04,287.47,287.58,287.29,286.16,289.05,294.29,295.37,293.91,292.79,291.9,291.85,291.52,290.85,291.03,291.04,290.84,290.72,290.36,290.37,290.28,290.01,290.14,290.01,289.94,290.02,289.8,289.85,289.8,289.58,289.67,289.42,289.16,289.1,288.72
-35,287.49,287.36,287.42,287.21,287.17,287.6,287.98,288.71,289.78,290.11,290.14,290.58,290.78,290.72,290.58,290.17,289.89,289.69,289.36,289.23,289.04,288.7,288.54,288.36,288.23,288.17,287.99,287.89,287.78,287.61,287.55,287.38,287.21,287.1,286.85,286.74,286.65,286.41,286.34,286.23,286.08,286.16,286.2,286.32,286.73,287.21,287.84,288.29,288.09,287.77,287.6,287.3,287.25,287.55,288.01,288.86,289.87,290.61,291.14,291.12,290.37,289.92,289.93,289.7,289.45,289.28,288.95,288.81,288.81,288.76,288.84,288.91,288.79,288.67,288.47,288.32,288.29,288.15,288.03,287.98,287.82,287.78,287.77,287.67,287.72,287.72,287.64,287.72,287.71,287.69,287.82,287.8,287.86,288.03,288.02,288.16,288.25,288.14,288.31,288.38,288.18,288.24,288.17,287.95,288.03,287.84,287.54,287.53,287.27,287.07,286.91,286.5,286.67,286.38,285.74,288.58,293.23,294.2,292.48,291.13,290.41,289.94,289.29,289.07,289.61,289.65,289.34,289.22,288.94,288.8,288.67,288.46,288.48,288.34,288.24,288.33,288.18,288.16,288.25,288.09,288.04,287.95,287.75,287.69,287.49
-37.5,285.89,285.69,285.75,285.9,285.98,286.29,286.83,287.37,287.92,288.37,288.73,289.05,289.09,288.89,288.7,288.52,288.29,288.05,287.85,287.67,287.4,287.2,287.14,286.99,286.81,286.67,286.56,286.5,286.41,286.3,286.19,285.98,285.84,285.77,285.62,285.52,285.39,285.18,285.09,285,284.9,284.96,285,285.09,285.36,285.62,285.9,286.11,286.11,286.17,286.27,286.21,286.24,286.26,286.19,286.52,287.17,287.75,288.39,288.71,288.42,288.27,288.38,288.2,287.96,287.82,287.63,287.56,287.56,287.5,287.63,287.88,287.97,287.81,287.5,287.26,287.11,286.91,286.81,286.75,286.6,286.55,286.48,286.34,286.32,286.27,286.19,286.27,286.24,286.19,286.31,286.34,286.34,286.41,286.38,286.42,286.53,286.55,286.6,286.59,286.58,286.7,286.56,286.34,286.43,286.35,286.17,286.15,286.01,285.93,285.87,285.62,285.64,285.34,285.2,287.92,291.96,292.85,291.18,289.94,289.13,287.97,287.15,287.48,288.14,288.08,287.81,287.68,287.4,287.23,287.11,286.89,286.8,286.66,286.51,286.54,286.46,286.38,286.44,286.36,286.29,286.23,286.04,285.97,285.89
-40,283.9,283.83,283.77,283.8,283.9,284.3,284.98,285.66,286.27,286.65,286.59,286.36,286.28,286.32,286.29,286.1,285.86,285.74,285.66,285.44,285.17,285.08,285.13,285.22,285.36,285.41,285.29,285.15,285.01,284.9,284.8,284.67,284.53,284.41,284.26,284.14,284.04,283.94,283.89,283.83,283.76,283.73,283.7,283.76,283.91,284.04,284.23,284.46,284.57,284.62,284.59,284.5,284.58,284.69,284.73,284.94,285.16,285.35,285.96,286.68,286.86,286.77,286.78,286.66,286.51,286.48,286.49,286.54,286.58,286.54,286.58,286.8,286.93,286.75,286.46,286.29,286.14,285.92,285.78,285.63,285.45,285.38,285.33,285.2,285.13,285.03,284.9,284.9,284.89,284.86,284.9,284.89,284.87,284.96,284.99,284.97,285.02,285.06,285.08,285.11,285.11,285.05,284.97,284.97,284.9,284.73,284.8,284.85,284.62,284.58,284.64,284.5,284.61,284.56,284.25,285.72,288.96,290.75,290.06,288.65,287.18,285.68,285.15,285.86,286.5,286.38,286.12,285.92,285.63,285.47,285.33,285.12,285.08,285.07,284.92,284.81,284.69,284.58,284.55,284.5,284.42,284.27,284.01,283.89,283.9
-42.5,281.87,281.81,281.82,281.87,281.93,282.15,282.55,282.93,283.22,283.38,283.43,283.53,283.64,283.58,283.31,283.01,282.78,282.62,282.44,282.15,281.96,282.03,282.36,282.84,283.31,283.49,283.38,283.24,283.17,283.11,283.04,282.95,282.83,282.75,282.73,282.72,282.66,282.58,282.52,282.5,282.53,282.57,282.59,282.62,282.69,282.77,282.89,282.98,283.01,283.09,283.23,283.34,283.44,283.52,283.6,283.79,283.97,284.15,284.69,285.35,285.54,285.36,285.21,285.13,285.1,285.09,285.12,285.33,285.66,285.73,285.57,285.54,285.58,285.44,285.22,285.12,285,284.8,284.64,284.49,284.29,284.17,284.05,283.92,283.87,283.83,283.72,283.64,283.58,283.54,283.55,283.56,283.54,283.55,283.55,283.55,283.56,283.51,283.49,283.6,283.64,283.53,283.51,283.58,283.46,283.32,283.41,283.39,283.26,283.41,283.42,283.15,283.41,283.73,283.35,283.97,286.62,288.73,288.2,286.32,284.76,283.82,283.72,284.34,284.73,284.52,284.22,283.96,283.66,283.46,283.32,283.13,283.02,282.97,282.88,282.82,282.74,282.61,282.5,282.42,282.34,282.27,282.13,281.98,281.87
-45,279.9,279.85,279.79,279.78,279.82,279.91,280.05,280.28,280.5,280.61,280.63,280.65,280.61,280.47,280.34,280.26,280.14,279.98,279.78,279.5,279.26,279.23,279.51,280.01,280.52,280.79,280.78,280.66,280.62,280.69,280.79,280.81,280.77,280.78,280.86,280.9,280.88,280.86,280.86,280.88,280.94,281.03,281.12,281.21,281.31,281.43,281.55,281.67,281.79,281.94,282.1,282.19,282.24,282.31,282.4,282.54,282.72,282.98,283.33,283.64,283.73,283.7,283.68,283.68,283.74,283.83,283.93,284.16,284.41,284.31,283.86,283.58,283.64,283.78,283.86,283.9,283.81,283.62,283.49,283.4,283.27,283.18,283.09,282.96,282.83,282.71,282.6,282.54,282.47,282.4,282.36,282.35,282.32,282.25,282.19,282.19,282.25,282.26,282.22,282.23,282.27,282.26,282.2,282.12,282.05,282.09,282.14,282.02,282.01,282.24,282.25,282.14,282.48,282.65,282.22,282.86,285.28,286.96,286.08,284.24,283.18,282.72,282.57,282.87,283.13,282.91,282.52,282.24,281.92,281.56,281.3,281.08,280.87,280.73,280.68,280.68,280.6,280.46,280.33,280.19,280.05,279.95,279.91,279.91,279.9
-47.5,277.87,277.98,277.91,277.8,277.82,277.91,277.96,277.99,278,277.97,277.95,278.07,278.25,278.38,278.39,278.27,278.09,277.98,277.94,277.83,277.66,277.57,277.65,277.87,278.1,278.21,278.11,277.91,277.83,277.94,278.13,278.27,278.37,278.53,278.75,278.98,279.16,279.23,279.2,279.14,279.13,279.2,279.31,279.47,279.63,279.79,279.97,280.16,280.33,280.49,280.67,280.87,281.07,281.24,281.37,281.45,281.52,281.63,281.78,281.93,282.08,282.22,282.27,282.24,282.32,282.51,282.7,282.82,282.82,282.61,282.26,282.06,282.1,282.23,282.38,282.53,282.58,282.53,282.46,282.35,282.18,282.04,281.97,281.89,281.79,281.68,281.59,281.49,281.38,281.3,281.23,281.17,281.13,281.15,281.15,281.06,280.98,280.98,281,280.99,281,281.05,281.09,281.05,281.02,281.06,281.05,280.98,281,281.02,280.95,281.11,281.52,281.47,281.18,282.1,284.18,285.15,284.04,282.5,281.76,281.34,281.03,281.16,281.41,281.24,280.82,280.52,280.21,279.77,279.39,279.09,278.8,278.57,278.47,278.43,278.37,278.3,278.18,277.98,277.78,277.66,277.64,277.71,277.87
-50,275.93,276.02,276.08,276.06,276.05,276.05,276.01,275.95,275.9,275.87,275.92,276.09,276.29,276.4,276.4,276.37,276.38,276.41,276.41,276.37,276.34,276.36,276.41,276.44,276.45,276.46,276.43,276.41,276.42,276.42,276.38,276.36,276.45,276.64,276.9,277.18,277.42,277.51,277.47,277.44,277.46,277.51,277.54,277.61,277.7,277.83,278.04,278.32,278.6,278.89,279.25,279.6,279.81,279.87,279.95,280.07,280.18,280.3,280.43,280.58,280.7,280.8,280.88,280.94,281.04,281.17,281.26,281.26,281.17,281,280.85,280.81,280.89,281.02,281.18,281.32,281.35,281.28,281.22,281.2,281.17,281.1,281.01,280.88,280.76,280.68,280.61,280.51,280.4,280.36,280.34,280.25,280.13,280.08,280.06,279.97,279.86,279.85,279.92,279.98,280,280,280,279.99,279.98,279.93,279.89,279.96,280.11,280.13,280.08,280.28,280.59,280.52,280.4,281.16,282.46,282.85,282,281.03,280.55,280.16,279.71,279.45,279.3,278.96,278.53,278.16,277.78,277.39,277.09,276.87,276.66,276.51,276.48,276.48,276.48,276.48,276.39,276.17,275.97,275.92,275.93,275.9,275.93
-52.5,274.27,274.3,274.33,274.3,274.24,274.2,274.25,274.37,274.47,274.49,274.48,274.53,274.65,274.8,274.95,275.06,275.1,275.07,275.02,275.03,275.1,275.16,275.19,275.23,275.29,275.33,275.31,275.27,275.22,275.12,274.98,274.9,274.94,275.03,275.18,275.41,275.67,275.85,275.94,276,276.03,276.01,275.99,276.04,276.12,276.23,276.41,276.68,276.94,277.19,277.46,277.75,277.98,278.13,278.26,278.35,278.37,278.38,278.5,278.73,278.96,279.16,279.35,279.52,279.66,279.8,279.98,280.16,280.21,280.09,279.9,279.77,279.75,279.84,279.99,280.11,280.08,279.94,279.83,279.78,279.73,279.66,279.59,279.5,279.38,279.27,279.21,279.17,279.1,279.02,278.99,279,279.02,279.03,279.04,279.05,279.02,278.96,278.93,278.98,279.08,279.12,279.1,279.12,279.21,279.24,279.18,279.14,279.18,279.17,279.14,279.29,279.53,279.54,279.41,279.59,280.1,280.42,280.26,279.9,279.53,279.1,278.62,278.16,277.73,277.27,276.82,276.35,275.89,275.54,275.32,275.12,274.88,274.76,274.79,274.8,274.74,274.72,274.73,274.62,274.42,274.29,274.26,274.26,274.27
-55,272.86,272.84,272.81,272.81,272.83,272.86,272.88,272.88,272.87,272.92,273.08,273.36,273.68,273.92,274.04,274.04,273.97,273.89,273.9,274.02,274.15,274.21,274.23,274.27,274.33,274.35,274.31,274.28,274.26,274.22,274.11,273.99,273.91,273.92,274.05,274.27,274.45,274.54,274.57,274.6,274.66,274.73,274.84,275,275.13,275.23,275.36,275.59,275.86,276.09,276.29,276.53,276.78,277,277.14,277.16,277.05,276.91,276.87,276.99,277.22,277.45,277.63,277.72,277.8,277.97,278.25,278.52,278.67,278.7,278.73,278.77,278.81,278.8,278.75,278.67,278.53,278.41,278.35,278.28,278.12,277.92,277.78,277.68,277.52,277.35,277.29,277.38,277.45,277.41,277.36,277.44,277.61,277.72,277.75,277.76,277.79,277.8,277.81,277.9,278.05,278.14,278.12,278.11,278.17,278.22,278.21,278.23,278.32,278.38,278.36,278.43,278.62,278.76,278.72,278.64,278.73,278.93,278.94,278.63,278.13,277.64,277.24,276.84,276.33,275.78,275.27,274.81,274.42,274.15,273.92,273.6,273.22,273.04,273.1,273.22,273.22,273.19,273.22,273.23,273.13,272.98,272.88,272.86,272.86
-57.5,271.09,271.05,271.02,271.06,271.14,271.27,271.41,271.58,271.79,272.04,272.29,272.48,272.56,272.59,272.67,272.82,272.99,273.09,273.1,273.07,273.06,273.06,273.07,273.07,273.08,273.09,273.13,273.17,273.15,273.03,272.84,272.65,272.57,272.64,272.82,273.02,273.17,273.24,273.3,273.39,273.49,273.57,273.66,273.79,273.94,274.11,274.29,274.49,274.67,274.83,274.97,275.09,275.18,275.22,275.28,275.38,275.47,275.48,275.42,275.38,275.45,275.62,275.79,275.93,276.11,276.41,276.79,277.09,277.25,277.3,277.31,277.31,277.29,277.28,277.27,277.19,277.03,276.82,276.68,276.58,276.43,276.22,275.98,275.75,275.47,275.22,275.13,275.24,275.42,275.53,275.59,275.71,275.92,276.13,276.29,276.42,276.57,276.68,276.76,276.82,276.9,276.96,277.01,277.08,277.16,277.2,277.19,277.23,277.34,277.41,277.37,277.3,277.35,277.48,277.57,277.55,277.48,277.37,277.1,276.65,276.12,275.67,275.28,274.81,274.27,273.77,273.38,273.05,272.72,272.43,272.15,271.83,271.47,271.27,271.32,271.49,271.56,271.48,271.35,271.26,271.22,271.2,271.17,271.14,271.09
-60,269.49,269.54,269.6,269.62,269.63,269.66,269.75,269.9,270.1,270.3,270.51,270.71,270.9,271.08,271.25,271.39,271.47,271.48,271.44,271.44,271.5,271.56,271.58,271.54,271.47,271.39,271.29,271.15,270.96,270.79,270.72,270.76,270.89,271.06,271.25,271.47,271.69,271.87,272.02,272.13,272.23,272.34,272.48,272.65,272.86,273.08,273.26,273.38,273.45,273.55,273.73,273.98,274.2,274.33,274.37,274.39,274.37,274.27,274.11,273.96,273.91,273.96,274.01,274.04,274.09,274.24,274.51,274.87,275.23,275.51,275.65,275.62,275.5,275.41,275.42,275.43,275.34,275.15,274.96,274.79,274.61,274.37,274.11,273.88,273.7,273.55,273.49,273.53,273.64,273.77,273.9,274.06,274.27,274.5,274.71,274.86,274.97,275.06,275.16,275.27,275.39,275.5,275.61,275.74,275.88,275.95,275.93,275.89,275.92,276,276.08,276.12,276.14,276.14,276.08,275.94,275.7,275.35,274.91,274.4,273.89,273.36,272.78,272.14,271.57,271.18,270.91,270.61,270.24,269.86,269.59,269.4,269.23,269.11,269.12,269.24,269.34,269.35,269.27,269.22,269.26,269.34,269.41,269.45,269.49
-62.5,267.96,268.04,268.15,268.23,268.28,268.3,268.32,268.34,268.36,268.42,268.57,268.82,269.11,269.33,269.42,269.42,269.43,269.52,269.64,269.68,269.54,269.22,268.82,268.51,268.35,268.31,268.3,268.27,268.24,268.27,268.38,268.49,268.53,268.55,268.6,268.73,268.88,268.94,268.91,268.91,269.05,269.36,269.71,269.98,270.15,270.31,270.54,270.87,271.19,271.43,271.57,271.64,271.66,271.65,271.61,271.57,271.55,271.55,271.56,271.59,271.62,271.65,271.68,271.74,271.83,271.94,272.05,272.17,272.35,272.62,272.93,273.2,273.36,273.42,273.4,273.31,273.16,273,272.87,272.76,272.61,272.4,272.17,271.97,271.84,271.78,271.77,271.82,271.94,272.11,272.29,272.48,272.69,272.92,273.14,273.34,273.52,273.69,273.9,274.09,274.22,274.24,274.19,274.17,274.21,274.3,274.37,274.41,274.44,274.5,274.56,274.57,274.47,274.27,274.01,273.74,273.45,273.11,272.69,272.18,271.6,270.91,270.14,269.36,268.72,268.3,268.06,267.87,267.65,267.45,267.33,267.28,267.25,267.23,267.26,267.34,267.44,267.51,267.55,267.6,267.69,267.79,267.86,267.91,267.96
-65,266.87,266.93,266.92,266.84,266.72,266.61,266.59,266.65,266.76,266.87,266.95,266.99,267.02,267.04,267.12,267.25,267.4,267.44,267.23,266.72,265.98,265.23,264.65,264.31,264.14,263.98,263.78,263.62,263.66,263.94,264.38,264.79,265.06,265.21,265.34,265.5,265.64,265.65,265.53,265.43,265.46,265.67,265.93,266.12,266.24,266.4,266.68,267.08,267.45,267.65,267.64,267.48,267.26,267.01,266.72,266.38,266.06,265.85,265.82,265.94,266.13,266.34,266.59,266.96,267.45,268.02,268.53,268.88,269.09,269.23,269.42,269.69,269.99,270.25,270.38,270.36,270.22,270.02,269.85,269.72,269.63,269.55,269.49,269.44,269.42,269.43,269.5,269.64,269.84,270.06,270.25,270.42,270.61,270.84,271.11,271.38,271.59,271.73,271.84,271.95,272.06,272.18,272.3,272.43,272.57,272.66,272.68,272.62,272.5,272.38,272.26,272.13,271.98,271.8,271.61,271.39,271.07,270.6,269.96,269.2,268.41,267.68,267.03,266.5,266.12,265.9,265.81,265.8,265.79,265.76,265.7,265.62,265.55,265.53,265.58,265.71,265.89,266.07,266.23,266.36,266.49,266.6,266.7,266.79,266.87
-67.5,264.86,264.95,265,264.92,264.73,264.5,264.33,264.29,264.37,264.52,264.67,264.82,264.98,265.19,265.44,265.63,265.63,265.36,264.84,264.2,263.65,263.28,263.05,262.76,262.23,261.47,260.73,260.37,260.67,261.58,262.76,263.77,264.3,264.34,264.06,263.7,263.37,263.05,262.7,262.3,261.95,261.76,261.83,262.18,262.72,263.34,263.85,264.13,264.12,263.9,263.64,263.44,263.26,262.96,262.37,261.49,260.54,259.87,259.74,260.19,260.99,261.81,262.41,262.75,262.94,263.16,263.49,263.93,264.39,264.79,265.11,265.37,265.61,265.85,266.09,266.3,266.43,266.49,266.51,266.51,266.56,266.64,266.76,266.88,267,267.13,267.28,267.47,267.69,267.9,268.06,268.16,268.25,268.37,268.53,268.7,268.87,269,269.12,269.26,269.44,269.63,269.8,269.92,269.96,269.95,269.93,269.92,269.94,269.96,269.95,269.89,269.77,269.6,269.37,269.03,268.52,267.78,266.85,265.88,265.01,264.38,264.01,263.84,263.76,263.7,263.63,263.56,263.53,263.55,263.62,263.72,263.84,263.98,264.17,264.4,264.65,264.87,265.03,265.07,265.02,264.91,264.82,264.8,264.86
-70,262.97,263.08,263.24,263.37,263.46,263.5,263.53,263.57,263.64,263.71,263.74,263.74,263.68,263.58,263.41,263.16,262.81,262.39,261.96,261.6,261.33,261.06,260.67,260.05,259.27,258.55,258.26,258.64,259.71,261.14,262.43,263.09,262.93,262.1,260.95,259.87,259.05,258.43,257.83,257.11,256.29,255.62,255.38,255.76,256.73,258.01,259.21,260,260.22,259.96,259.41,258.77,258.07,257.27,256.29,255.25,254.41,254.13,254.68,256.01,257.79,259.53,260.77,261.33,261.3,260.96,260.64,260.53,260.67,260.95,261.26,261.5,261.69,261.86,262.07,262.35,262.66,262.98,263.27,263.53,263.76,263.98,264.19,264.39,264.57,264.75,264.94,265.16,265.39,265.62,265.81,265.96,266.08,266.19,266.32,266.48,266.66,266.84,267,267.14,267.24,267.3,267.31,267.31,267.3,267.33,267.37,267.41,267.39,267.26,267.05,266.81,266.64,266.58,266.62,266.65,266.52,266.08,265.34,264.39,263.43,262.64,262.12,261.86,261.77,261.76,261.75,261.75,261.79,261.9,262.08,262.3,262.5,262.67,262.78,262.87,262.97,263.08,263.19,263.23,263.21,263.11,263,262.94,262.97
-72.5,263.75,263.61,263.43,263.21,262.97,262.71,262.43,262.13,261.8,261.42,260.99,260.51,260,259.48,258.97,258.48,258.02,257.59,257.18,256.77,256.35,255.92,255.54,255.29,255.34,255.83,256.8,258.15,259.6,260.78,261.35,261.16,260.34,259.18,258.08,257.3,256.86,256.55,256.09,255.26,254.06,252.73,251.66,251.19,251.49,252.46,253.8,255.13,256.12,256.6,256.52,255.96,255.02,253.83,252.54,251.33,250.47,250.18,250.6,251.68,253.21,254.86,256.3,257.32,257.9,258.13,258.19,258.24,258.36,258.55,258.77,258.96,259.12,259.25,259.4,259.58,259.8,260.05,260.32,260.61,260.93,261.29,261.68,262.09,262.51,262.9,263.25,263.56,263.83,264.07,264.28,264.46,264.61,264.75,264.85,264.91,264.92,264.89,264.82,264.75,264.7,264.7,264.78,264.91,265.06,265.17,265.16,265,264.7,264.35,264.08,264.04,264.33,264.95,265.74,266.45,266.81,266.62,265.82,264.55,263.05,261.62,260.49,259.78,259.47,259.44,259.57,259.74,259.89,260.01,260.1,260.2,260.32,260.49,260.73,261.04,261.45,261.93,262.44,262.94,263.35,263.64,263.79,263.82,263.75
-75,262.47,262.02,261.59,261.16,260.73,260.3,259.85,259.38,258.9,258.43,257.98,257.59,257.25,256.97,256.72,256.45,256.14,255.75,255.26,254.7,254.15,253.72,253.51,253.65,254.18,255.06,256.18,257.31,258.23,258.74,258.78,258.41,257.8,257.22,256.84,256.75,256.87,256.98,256.84,256.28,255.27,253.95,252.59,251.49,250.85,250.76,251.14,251.79,252.48,252.97,253.13,252.89,252.3,251.44,250.47,249.58,248.93,248.66,248.87,249.54,250.59,251.88,253.25,254.53,255.62,256.48,257.1,257.52,257.78,257.93,257.99,258.02,258.04,258.06,258.12,258.21,258.34,258.53,258.77,259.08,259.49,259.98,260.56,261.2,261.86,262.5,263.08,263.57,263.97,264.27,264.48,264.6,264.63,264.56,264.4,264.14,263.8,263.41,263.02,262.68,262.46,262.35,262.37,262.44,262.51,262.48,262.3,261.97,261.52,261.06,260.72,260.6,260.74,261.08,261.5,261.82,261.86,261.54,260.84,259.9,258.9,258.04,257.47,257.27,257.39,257.74,258.18,258.61,258.96,259.24,259.5,259.79,260.17,260.67,261.26,261.91,262.54,263.08,263.48,263.7,263.72,263.57,263.28,262.9,262.47
-77.5,259.85,259.32,258.88,258.54,258.27,258.03,257.81,257.57,257.33,257.09,256.88,256.69,256.54,256.41,256.26,256.08,255.82,255.47,255.05,254.57,254.11,253.73,253.5,253.46,253.6,253.9,254.27,254.62,254.88,254.98,254.93,254.78,254.6,254.47,254.45,254.54,254.69,254.81,254.78,254.55,254.08,253.4,252.59,251.78,251.04,250.44,250.01,249.71,249.49,249.28,249.03,248.73,248.39,248.06,247.82,247.74,247.87,248.27,248.93,249.83,250.88,252.01,253.11,254.08,254.86,255.4,255.69,255.76,255.66,255.45,255.2,254.98,254.83,254.8,254.89,255.11,255.46,255.93,256.5,257.18,257.95,258.81,259.75,260.72,261.7,262.64,263.5,264.22,264.78,265.14,265.29,265.23,264.95,264.5,263.9,263.21,262.5,261.84,261.29,260.91,260.72,260.72,260.88,261.1,261.3,261.39,261.28,260.93,260.31,259.48,258.47,257.36,256.23,255.14,254.12,253.21,252.43,251.83,251.43,251.28,251.39,251.78,252.42,253.25,254.18,255.14,256.05,256.86,257.58,258.23,258.85,259.49,260.17,260.9,261.61,262.26,262.76,263.05,263.09,262.88,262.44,261.85,261.17,260.48,259.85
-80,257.45,257.09,256.76,256.46,256.19,255.93,255.7,255.47,255.26,255.06,254.88,254.73,254.61,254.52,254.45,254.41,254.37,254.35,254.34,254.34,254.37,254.44,254.56,254.72,254.92,255.14,255.35,255.54,255.67,255.73,255.72,255.65,255.5,255.31,255.09,254.83,254.53,254.19,253.8,253.35,252.85,252.3,251.73,251.15,250.6,250.08,249.62,249.22,248.9,248.65,248.48,248.4,248.42,248.55,248.81,249.18,249.67,250.27,250.93,251.63,252.3,252.91,253.41,253.76,253.95,253.95,253.79,253.49,253.1,252.65,252.19,251.77,251.43,251.19,251.08,251.1,251.25,251.55,251.99,252.56,253.25,254.06,254.97,255.94,256.96,257.97,258.93,259.81,260.56,261.14,261.54,261.74,261.77,261.64,261.4,261.09,260.79,260.53,260.38,260.35,260.46,260.69,260.99,261.3,261.55,261.66,261.57,261.21,260.57,259.64,258.46,257.1,255.62,254.13,252.71,251.45,250.43,249.7,249.28,249.18,249.38,249.82,250.44,251.19,251.97,252.76,253.49,254.16,254.77,255.32,255.84,256.35,256.85,257.35,257.82,258.25,258.59,258.83,258.94,258.91,258.76,258.51,258.19,257.82,257.45
-82.5,253.36,253.16,252.98,252.83,252.71,252.61,252.55,252.51,252.5,252.51,252.55,252.62,252.71,252.82,252.96,253.12,253.3,253.49,253.69,253.91,254.13,254.35,254.57,254.78,254.97,255.13,255.26,255.33,255.35,255.3,255.19,255,254.74,254.41,254.03,253.58,253.1,252.58,252.05,251.51,250.98,250.48,250.02,249.62,249.28,249.01,248.84,248.75,248.77,248.88,249.09,249.4,249.8,250.28,250.84,251.45,252.11,252.79,253.47,254.12,254.74,255.28,255.75,256.11,256.37,256.52,256.55,256.48,256.31,256.06,255.74,255.38,254.99,254.59,254.2,253.85,253.56,253.33,253.18,253.14,253.19,253.36,253.62,253.99,254.44,254.96,255.53,256.12,256.71,257.28,257.8,258.26,258.66,258.99,259.25,259.44,259.59,259.69,259.75,259.79,259.79,259.77,259.7,259.58,259.39,259.13,258.78,258.34,257.81,257.22,256.57,255.89,255.23,254.61,254.07,253.64,253.33,253.17,253.15,253.26,253.48,253.79,254.16,254.55,254.94,255.29,255.59,255.83,255.99,256.09,256.11,256.08,255.99,255.86,255.7,255.52,255.31,255.08,254.84,254.59,254.33,254.08,253.83,253.58,253.36
-85,250.88,250.72,250.6,250.52,250.48,250.48,250.51,250.58,250.68,250.8,250.94,251.1,251.27,251.45,251.64,251.82,251.99,252.16,252.32,252.47,252.59,252.7,252.79,252.85,252.88,252.89,252.86,252.81,252.72,252.6,252.45,252.27,252.06,251.83,251.57,251.3,251.02,250.73,250.45,250.18,249.92,249.69,249.49,249.32,249.21,249.14,249.13,249.18,249.29,249.46,249.69,249.99,250.33,250.74,251.18,251.67,252.19,252.73,253.28,253.84,254.39,254.93,255.44,255.92,256.36,256.76,257.1,257.4,257.64,257.83,257.96,258.06,258.11,258.12,258.11,258.08,258.03,257.98,257.94,257.9,257.88,257.88,257.9,257.95,258.01,258.09,258.18,258.27,258.37,258.46,258.53,258.59,258.61,258.6,258.56,258.47,258.34,258.17,257.96,257.71,257.43,257.12,256.78,256.42,256.06,255.69,255.33,254.99,254.66,254.37,254.11,253.91,253.75,253.64,253.59,253.6,253.66,253.76,253.91,254.09,254.28,254.49,254.69,254.88,255.03,255.16,255.23,255.26,255.23,255.15,255.01,254.82,254.58,254.31,253.99,253.66,253.31,252.95,252.59,252.24,251.91,251.61,251.33,251.09,250.88
-87.5,250.41,250.41,250.42,250.44,250.47,250.51,250.56,250.61,250.67,250.74,250.81,250.89,250.97,251.05,251.14,251.22,251.3,251.37,251.45,251.51,251.57,251.63,251.67,251.71,251.74,251.76,251.77,251.77,251.76,251.75,251.72,251.69,251.66,251.62,251.57,251.52,251.47,251.42,251.37,251.32,251.28,251.24,251.21,251.19,251.18,251.18,251.19,251.21,251.25,251.3,251.36,251.44,251.53,251.63,251.75,251.88,252.02,252.17,252.33,252.49,252.66,252.84,253.01,253.19,253.37,253.54,253.71,253.88,254.04,254.2,254.34,254.48,254.61,254.73,254.83,254.93,255.02,255.09,255.16,255.21,255.25,255.28,255.3,255.3,255.3,255.28,255.25,255.2,255.15,255.08,255,254.9,254.8,254.68,254.56,254.42,254.27,254.12,253.96,253.79,253.62,253.45,253.27,253.1,252.92,252.76,252.59,252.44,252.29,252.15,252.02,251.9,251.8,251.7,251.61,251.54,251.47,251.42,251.37,251.33,251.29,251.26,251.23,251.2,251.18,251.15,251.12,251.09,251.05,251.01,250.97,250.93,250.88,250.83,250.78,250.72,250.67,250.62,250.58,250.53,250.5,250.46,250.44,250.42,250.41
-90,251.05,251.05,251.05,251.05,251.05,251.05,251.05,251.05,251.05,251.05,251.05,251.05,251.05,251.05,251.05,251.05,251.05,251.05,251.05,251.05,251.05,251.05,251.05,251.05,251.05,251.05,251.05,251.05,251.05,251.05,251.05,251.05,251.05,251.05,251.05,251.05,251.05,251.05,251.05,251.05,251.05,251.05,251.05,251.05,251.05,251.05,251.05,251.05,251.05,251.05,251.05,251.05,251.05,251.05,251.05,251.05,251.05,251.05,251.05,251.05,251.05,251.05,251.05,251.05,251.05,251.05,251.05,251.05,251.05,251.05,251.05,251.05,251.05,251.05,251.05,251.05,251.05,251.05,251.05,251.05,251.05,251.05,251.05,251.05,251.05,251.05,251.05,251.05,251.05,251.05,251.05,251.05,251.05,251.05,251.05,251.05,251.05,251.05,251.05,251.05,251.05,251.05,251.05,251.05,251.05,251.05,251.05,251.05,251.05,251.05,251.05,251.05,251.05,251.05,251.05,251.05,251.05,251.05,251.05,251.05,251.05,251.05,251.05,251.05,251.05,251.05,251.05,251.05,251.05,251.05,251.05,251.05,251.05,251.05,251.05,251.05,251.05,251.05,251.05,251.05,251.05,251.05,251.05,251.05,251.05
